vessel_call_id,terminal,eta,ata,atd
VC00000,NSIGT,2025-08-30 20:00:00,2025-08-31 02:00:00,2025-09-02 04:00:00
VC00001,GTI,2025-10-11 19:00:00,2025-10-11 16:00:00,2025-10-13 10:00:00
VC00002,GTI,2025-11-14 04:00:00,2025-11-14 02:00:00,2025-11-15 14:00:00
VC00003,NSIGT,2025-09-09 20:00:00,2025-09-10 01:00:00,2025-09-11 18:00:00
VC00004,BMCT,2025-01-31 11:00:00,2025-01-31 07:00:00,2025-02-01 09:00:00
VC00005,GTI,2025-04-23 05:00:00,2025-04-23 05:00:00,2025-04-25 04:00:00
VC00006,NSIGT,2025-06-26 01:00:00,2025-06-26 08:00:00,2025-06-27 16:00:00
VC00007,NSICT,2025-01-26 19:00:00,2025-01-27 03:00:00,2025-01-28 09:00:00
VC00008,NSFT,2025-05-20 09:00:00,2025-05-20 11:00:00,2025-05-22 04:00:00
VC00009,NSICT,2025-02-14 01:00:00,2025-02-14 09:00:00,2025-02-15 19:00:00
VC00010,NSICT,2025-07-04 16:00:00,2025-07-05 00:00:00,2025-07-05 20:00:00
VC00011,NSIGT,2025-03-03 10:00:00,2025-03-03 19:00:00,2025-03-04 23:00:00
VC00012,NSIGT,2025-04-01 08:00:00,2025-04-01 07:00:00,2025-04-03 18:00:00
VC00013,NSFT,2025-04-12 07:00:00,2025-04-12 06:00:00,2025-04-13 12:00:00
VC00014,BMCT,2025-11-21 09:00:00,2025-11-21 14:00:00,2025-11-23 00:00:00
VC00015,NSIGT,2025-05-30 04:00:00,2025-05-30 00:00:00,2025-05-31 01:00:00
VC00016,NSFT,2025-07-05 06:00:00,2025-07-05 05:00:00,2025-07-06 01:00:00
VC00017,GTI,2025-11-06 07:00:00,2025-11-06 08:00:00,2025-11-08 15:00:00
VC00018,NSFT,2025-01-05 14:00:00,2025-01-05 22:00:00,2025-01-07 16:00:00
VC00019,BMCT,2025-04-03 19:00:00,2025-04-04 04:00:00,2025-04-06 11:00:00
VC00020,NSIGT,2025-05-22 12:00:00,2025-05-22 12:00:00,2025-05-24 16:00:00
VC00021,NSICT,2025-10-27 12:00:00,2025-10-27 18:00:00,2025-10-29 03:00:00
VC00022,NSICT,2025-08-29 20:00:00,2025-08-29 23:00:00,2025-08-31 13:00:00
VC00023,NSICT,2025-08-15 19:00:00,2025-08-15 15:00:00,2025-08-17 14:00:00
VC00024,GTI,2025-05-07 02:00:00,2025-05-07 03:00:00,2025-05-09 05:00:00
VC00025,NSICT,2025-10-12 11:00:00,2025-10-12 16:00:00,2025-10-14 06:00:00
VC00026,NSIGT,2025-03-04 00:00:00,2025-03-04 05:00:00,2025-03-05 00:00:00
VC00027,BMCT,2025-05-15 10:00:00,2025-05-15 18:00:00,2025-05-16 23:00:00
VC00028,BMCT,2025-04-29 20:00:00,2025-04-30 00:00:00,2025-05-01 07:00:00
VC00029,BMCT,2025-01-02 02:00:00,2025-01-02 11:00:00,2025-01-03 19:00:00
VC00030,BMCT,2025-01-31 11:00:00,2025-01-31 13:00:00,2025-02-02 07:00:00
VC00031,BMCT,2025-09-20 07:00:00,2025-09-20 13:00:00,2025-09-22 23:00:00
VC00032,BMCT,2025-11-11 16:00:00,2025-11-11 20:00:00,2025-11-12 20:00:00
VC00033,NSIGT,2025-03-23 19:00:00,2025-03-24 03:00:00,2025-03-25 11:00:00
VC00034,NSIGT,2025-01-26 18:00:00,2025-01-27 03:00:00,2025-01-28 08:00:00
VC00035,GTI,2025-02-17 11:00:00,2025-02-17 18:00:00,2025-02-19 12:00:00
VC00036,GTI,2025-01-20 12:00:00,2025-01-20 21:00:00,2025-01-23 01:00:00
VC00037,GTI,2025-09-24 11:00:00,2025-09-24 12:00:00,2025-09-26 21:00:00
VC00038,NSICT,2025-01-17 03:00:00,2025-01-17 12:00:00,2025-01-19 03:00:00
VC00039,NSIGT,2025-08-17 18:00:00,2025-08-17 15:00:00,2025-08-18 21:00:00
VC00040,BMCT,2025-09-22 12:00:00,2025-09-22 13:00:00,2025-09-23 16:00:00
VC00041,NSICT,2025-03-12 19:00:00,2025-03-13 01:00:00,2025-03-15 04:00:00
VC00042,NSIGT,2025-03-18 08:00:00,2025-03-18 12:00:00,2025-03-19 07:00:00
VC00043,NSFT,2025-03-31 04:00:00,2025-03-31 01:00:00,2025-03-31 23:00:00
VC00044,NSIGT,2025-09-11 01:00:00,2025-09-11 06:00:00,2025-09-12 02:00:00
VC00045,GTI,2025-11-10 01:00:00,2025-11-10 02:00:00,2025-11-12 02:00:00
VC00046,NSFT,2025-09-09 18:00:00,2025-09-10 01:00:00,2025-09-12 06:00:00
VC00047,NSFT,2025-03-31 12:00:00,2025-03-31 21:00:00,2025-04-03 00:00:00
VC00048,BMCT,2025-08-27 20:00:00,2025-08-27 18:00:00,2025-08-28 23:00:00
VC00049,NSFT,2025-08-23 03:00:00,2025-08-23 06:00:00,2025-08-25 11:00:00
VC00050,NSFT,2025-05-22 01:00:00,2025-05-21 21:00:00,2025-05-22 15:00:00
VC00051,BMCT,2025-02-13 04:00:00,2025-02-13 07:00:00,2025-02-15 17:00:00
VC00052,NSIGT,2025-04-15 20:00:00,2025-04-16 03:00:00,2025-04-17 22:00:00
VC00053,BMCT,2025-09-29 16:00:00,2025-09-30 01:00:00,2025-10-02 00:00:00
VC00054,NSIGT,2025-06-22 00:00:00,2025-06-22 07:00:00,2025-06-23 05:00:00
VC00055,NSIGT,2025-02-09 04:00:00,2025-02-09 03:00:00,2025-02-11 14:00:00
VC00056,NSIGT,2025-11-01 18:00:00,2025-11-01 19:00:00,2025-11-03 05:00:00
VC00057,GTI,2025-06-22 00:00:00,2025-06-22 09:00:00,2025-06-23 14:00:00
VC00058,BMCT,2025-04-27 07:00:00,2025-04-27 14:00:00,2025-04-29 19:00:00
VC00059,BMCT,2025-01-12 17:00:00,2025-01-13 01:00:00,2025-01-14 16:00:00
VC00060,NSICT,2025-07-10 14:00:00,2025-07-10 13:00:00,2025-07-11 12:00:00
VC00061,BMCT,2025-07-03 08:00:00,2025-07-03 09:00:00,2025-07-04 11:00:00
VC00062,NSICT,2025-02-20 08:00:00,2025-02-20 15:00:00,2025-02-22 00:00:00
VC00063,NSICT,2025-10-10 04:00:00,2025-10-10 04:00:00,2025-10-11 01:00:00
VC00064,NSIGT,2025-06-18 00:00:00,2025-06-18 06:00:00,2025-06-19 21:00:00
VC00065,NSFT,2025-01-29 03:00:00,2025-01-29 00:00:00,2025-01-30 12:00:00
VC00066,NSFT,2025-03-07 01:00:00,2025-03-06 21:00:00,2025-03-08 18:00:00
VC00067,NSFT,2025-04-02 10:00:00,2025-04-02 18:00:00,2025-04-04 18:00:00
VC00068,NSIGT,2025-09-07 22:00:00,2025-09-07 22:00:00,2025-09-08 21:00:00
VC00069,GTI,2025-09-12 21:00:00,2025-09-12 19:00:00,2025-09-14 21:00:00
VC00070,NSIGT,2025-10-01 19:00:00,2025-10-01 18:00:00,2025-10-03 22:00:00
VC00071,NSICT,2025-07-22 16:00:00,2025-07-22 12:00:00,2025-07-23 06:00:00
VC00072,GTI,2025-10-31 05:00:00,2025-10-31 11:00:00,2025-11-02 12:00:00
VC00073,NSICT,2025-04-15 06:00:00,2025-04-15 14:00:00,2025-04-17 23:00:00
VC00074,BMCT,2025-07-14 07:00:00,2025-07-14 03:00:00,2025-07-15 13:00:00
VC00075,NSFT,2025-07-29 15:00:00,2025-07-29 19:00:00,2025-07-30 23:00:00
VC00076,GTI,2025-05-03 12:00:00,2025-05-03 13:00:00,2025-05-05 06:00:00
VC00077,NSIGT,2025-06-01 13:00:00,2025-06-01 18:00:00,2025-06-03 00:00:00
VC00078,GTI,2025-08-24 04:00:00,2025-08-24 09:00:00,2025-08-25 11:00:00
VC00079,NSFT,2025-10-15 10:00:00,2025-10-15 16:00:00,2025-10-17 20:00:00
VC00080,BMCT,2025-11-04 06:00:00,2025-11-04 02:00:00,2025-11-05 21:00:00
VC00081,NSICT,2025-04-08 15:00:00,2025-04-08 11:00:00,2025-04-10 18:00:00
VC00082,NSIGT,2025-08-28 04:00:00,2025-08-28 13:00:00,2025-08-30 13:00:00
VC00083,NSIGT,2025-09-10 13:00:00,2025-09-10 10:00:00,2025-09-12 10:00:00
VC00084,NSFT,2025-11-09 10:00:00,2025-11-09 13:00:00,2025-11-11 16:00:00
VC00085,BMCT,2025-07-31 21:00:00,2025-07-31 23:00:00,2025-08-02 06:00:00
VC00086,NSIGT,2025-03-09 01:00:00,2025-03-09 02:00:00,2025-03-10 01:00:00
VC00087,NSIGT,2025-09-04 19:00:00,2025-09-04 15:00:00,2025-09-06 04:00:00
VC00088,GTI,2025-02-26 20:00:00,2025-02-26 18:00:00,2025-03-01 04:00:00
VC00089,GTI,2025-05-07 02:00:00,2025-05-07 05:00:00,2025-05-09 10:00:00
VC00090,NSFT,2025-06-13 01:00:00,2025-06-12 22:00:00,2025-06-14 22:00:00
VC00091,GTI,2025-08-30 15:00:00,2025-08-30 21:00:00,2025-09-01 06:00:00
VC00092,BMCT,2025-02-25 23:00:00,2025-02-26 07:00:00,2025-02-27 09:00:00
VC00093,NSFT,2025-08-21 19:00:00,2025-08-22 00:00:00,2025-08-24 03:00:00
VC00094,NSICT,2025-02-18 02:00:00,2025-02-18 09:00:00,2025-02-19 21:00:00
VC00095,BMCT,2025-05-10 03:00:00,2025-05-10 07:00:00,2025-05-12 09:00:00
VC00096,GTI,2025-02-10 12:00:00,2025-02-10 17:00:00,2025-02-11 19:00:00
VC00097,BMCT,2025-01-09 19:00:00,2025-01-09 15:00:00,2025-01-11 04:00:00
VC00098,GTI,2025-04-19 14:00:00,2025-04-19 17:00:00,2025-04-21 20:00:00
VC00099,NSIGT,2025-11-17 23:00:00,2025-11-17 22:00:00,2025-11-20 05:00:00
VC00100,GTI,2025-07-07 00:00:00,2025-07-06 22:00:00,2025-07-07 17:00:00
VC00101,NSICT,2025-08-26 20:00:00,2025-08-27 04:00:00,2025-08-28 14:00:00
VC00102,GTI,2025-03-18 07:00:00,2025-03-18 14:00:00,2025-03-19 19:00:00
VC00103,BMCT,2025-03-10 05:00:00,2025-03-10 02:00:00,2025-03-12 03:00:00
VC00104,NSFT,2025-10-29 21:00:00,2025-10-30 06:00:00,2025-11-01 08:00:00
VC00105,NSFT,2025-09-01 14:00:00,2025-09-01 17:00:00,2025-09-03 13:00:00
VC00106,GTI,2025-06-12 22:00:00,2025-06-13 02:00:00,2025-06-15 03:00:00
VC00107,NSICT,2025-04-03 21:00:00,2025-04-03 17:00:00,2025-04-05 00:00:00
VC00108,BMCT,2025-10-15 08:00:00,2025-10-15 16:00:00,2025-10-16 12:00:00
VC00109,NSICT,2025-06-06 10:00:00,2025-06-06 19:00:00,2025-06-08 11:00:00
VC00110,NSICT,2025-01-18 14:00:00,2025-01-18 20:00:00,2025-01-19 14:00:00
VC00111,NSFT,2025-10-14 15:00:00,2025-10-14 13:00:00,2025-10-16 08:00:00
VC00112,NSICT,2025-05-20 05:00:00,2025-05-20 08:00:00,2025-05-22 03:00:00
VC00113,NSIGT,2025-05-30 08:00:00,2025-05-30 09:00:00,2025-06-01 01:00:00
VC00114,BMCT,2025-05-08 07:00:00,2025-05-08 08:00:00,2025-05-10 13:00:00
VC00115,NSICT,2025-04-07 00:00:00,2025-04-07 03:00:00,2025-04-08 01:00:00
VC00116,BMCT,2025-07-20 06:00:00,2025-07-20 12:00:00,2025-07-21 23:00:00
VC00117,NSIGT,2025-04-12 19:00:00,2025-04-13 01:00:00,2025-04-15 12:00:00
VC00118,NSICT,2025-06-19 17:00:00,2025-06-19 16:00:00,2025-06-20 20:00:00
VC00119,BMCT,2025-01-26 16:00:00,2025-01-27 01:00:00,2025-01-29 11:00:00
VC00120,BMCT,2025-10-05 19:00:00,2025-10-05 21:00:00,2025-10-06 15:00:00
VC00121,GTI,2025-03-15 04:00:00,2025-03-15 10:00:00,2025-03-16 05:00:00
VC00122,BMCT,2025-07-21 17:00:00,2025-07-22 01:00:00,2025-07-23 03:00:00
VC00123,GTI,2025-04-01 08:00:00,2025-04-01 08:00:00,2025-04-03 17:00:00
VC00124,BMCT,2025-03-03 16:00:00,2025-03-04 00:00:00,2025-03-05 21:00:00
VC00125,GTI,2025-02-27 15:00:00,2025-02-27 12:00:00,2025-03-01 04:00:00
VC00126,NSIGT,2025-08-24 11:00:00,2025-08-24 11:00:00,2025-08-25 10:00:00
VC00127,NSFT,2025-01-22 00:00:00,2025-01-22 05:00:00,2025-01-23 04:00:00
VC00128,BMCT,2025-09-23 12:00:00,2025-09-23 18:00:00,2025-09-26 00:00:00
VC00129,BMCT,2025-06-05 06:00:00,2025-06-05 15:00:00,2025-06-07 19:00:00
VC00130,NSICT,2025-06-01 08:00:00,2025-06-01 09:00:00,2025-06-02 05:00:00
VC00131,NSICT,2025-03-13 11:00:00,2025-03-13 07:00:00,2025-03-14 19:00:00
VC00132,NSFT,2025-04-30 00:00:00,2025-04-30 02:00:00,2025-05-01 18:00:00
VC00133,BMCT,2025-09-04 06:00:00,2025-09-04 12:00:00,2025-09-06 11:00:00
VC00134,NSIGT,2025-10-24 20:00:00,2025-10-24 17:00:00,2025-10-25 11:00:00
VC00135,NSFT,2025-11-04 12:00:00,2025-11-04 10:00:00,2025-11-06 14:00:00
VC00136,BMCT,2025-07-27 01:00:00,2025-07-27 02:00:00,2025-07-28 18:00:00
VC00137,NSIGT,2025-04-01 23:00:00,2025-04-02 01:00:00,2025-04-03 17:00:00
VC00138,NSIGT,2025-01-26 16:00:00,2025-01-26 18:00:00,2025-01-28 03:00:00
VC00139,NSICT,2025-07-10 17:00:00,2025-07-10 20:00:00,2025-07-11 16:00:00
VC00140,NSFT,2025-07-04 00:00:00,2025-07-04 04:00:00,2025-07-06 13:00:00
VC00141,GTI,2025-06-18 21:00:00,2025-06-19 01:00:00,2025-06-21 05:00:00
VC00142,NSFT,2025-06-25 07:00:00,2025-06-25 08:00:00,2025-06-27 12:00:00
VC00143,NSICT,2025-01-26 00:00:00,2025-01-26 09:00:00,2025-01-28 08:00:00
VC00144,BMCT,2025-05-12 03:00:00,2025-05-12 05:00:00,2025-05-13 19:00:00
VC00145,NSIGT,2025-02-11 14:00:00,2025-02-11 19:00:00,2025-02-14 03:00:00
VC00146,NSFT,2025-10-13 01:00:00,2025-10-13 06:00:00,2025-10-14 04:00:00
VC00147,GTI,2025-10-22 22:00:00,2025-10-22 23:00:00,2025-10-24 04:00:00
VC00148,BMCT,2025-10-02 12:00:00,2025-10-02 16:00:00,2025-10-04 04:00:00
VC00149,NSFT,2025-06-08 01:00:00,2025-06-08 07:00:00,2025-06-10 09:00:00
VC00150,NSIGT,2025-09-25 07:00:00,2025-09-25 09:00:00,2025-09-26 17:00:00
VC00151,NSIGT,2025-09-26 04:00:00,2025-09-26 06:00:00,2025-09-28 12:00:00
VC00152,BMCT,2025-04-27 02:00:00,2025-04-27 06:00:00,2025-04-28 13:00:00
VC00153,NSIGT,2025-01-23 04:00:00,2025-01-23 05:00:00,2025-01-24 13:00:00
VC00154,GTI,2025-10-09 03:00:00,2025-10-09 09:00:00,2025-10-10 16:00:00
VC00155,NSIGT,2025-07-18 06:00:00,2025-07-18 07:00:00,2025-07-19 18:00:00
VC00156,NSIGT,2025-05-30 12:00:00,2025-05-30 09:00:00,2025-06-01 13:00:00
VC00157,BMCT,2025-10-16 10:00:00,2025-10-16 12:00:00,2025-10-17 20:00:00
VC00158,NSICT,2025-11-13 22:00:00,2025-11-14 06:00:00,2025-11-15 20:00:00
VC00159,NSFT,2025-10-17 00:00:00,2025-10-16 23:00:00,2025-10-17 17:00:00
VC00160,BMCT,2025-01-05 03:00:00,2025-01-05 03:00:00,2025-01-06 20:00:00
VC00161,NSFT,2025-01-02 21:00:00,2025-01-02 20:00:00,2025-01-03 23:00:00
VC00162,GTI,2025-06-12 22:00:00,2025-06-13 07:00:00,2025-06-14 21:00:00
VC00163,NSIGT,2025-06-23 21:00:00,2025-06-23 19:00:00,2025-06-25 02:00:00
VC00164,NSICT,2025-03-19 22:00:00,2025-03-20 00:00:00,2025-03-21 09:00:00
VC00165,BMCT,2025-05-04 00:00:00,2025-05-04 02:00:00,2025-05-05 00:00:00
VC00166,NSFT,2025-07-08 15:00:00,2025-07-08 18:00:00,2025-07-10 07:00:00
VC00167,NSFT,2025-09-11 08:00:00,2025-09-11 08:00:00,2025-09-13 10:00:00
VC00168,NSICT,2025-09-10 07:00:00,2025-09-10 13:00:00,2025-09-12 08:00:00
VC00169,NSIGT,2025-01-25 09:00:00,2025-01-25 16:00:00,2025-01-27 03:00:00
VC00170,NSIGT,2025-05-08 16:00:00,2025-05-08 18:00:00,2025-05-10 23:00:00
VC00171,GTI,2025-03-30 07:00:00,2025-03-30 14:00:00,2025-04-01 07:00:00
VC00172,BMCT,2025-04-07 08:00:00,2025-04-07 05:00:00,2025-04-09 00:00:00
VC00173,BMCT,2025-09-28 21:00:00,2025-09-28 21:00:00,2025-09-30 02:00:00
VC00174,NSFT,2025-05-24 00:00:00,2025-05-24 08:00:00,2025-05-26 06:00:00
VC00175,NSICT,2025-06-06 12:00:00,2025-06-06 16:00:00,2025-06-08 01:00:00
VC00176,NSIGT,2025-11-23 06:00:00,2025-11-23 04:00:00,2025-11-24 06:00:00
VC00177,BMCT,2025-06-01 01:00:00,2025-06-01 09:00:00,2025-06-03 10:00:00
VC00178,NSICT,2025-09-08 13:00:00,2025-09-08 21:00:00,2025-09-10 15:00:00
VC00179,NSICT,2025-11-19 20:00:00,2025-11-19 21:00:00,2025-11-21 10:00:00
VC00180,GTI,2025-11-22 09:00:00,2025-11-22 07:00:00,2025-11-24 06:00:00
VC00181,NSFT,2025-04-17 15:00:00,2025-04-17 18:00:00,2025-04-19 13:00:00
VC00182,NSIGT,2025-05-15 13:00:00,2025-05-15 17:00:00,2025-05-17 18:00:00
VC00183,NSIGT,2025-01-14 21:00:00,2025-01-14 23:00:00,2025-01-16 10:00:00
VC00184,BMCT,2025-09-07 09:00:00,2025-09-07 14:00:00,2025-09-10 01:00:00
VC00185,BMCT,2025-05-11 17:00:00,2025-05-11 22:00:00,2025-05-13 15:00:00
VC00186,GTI,2025-01-05 04:00:00,2025-01-05 10:00:00,2025-01-06 23:00:00
VC00187,BMCT,2025-02-21 02:00:00,2025-02-21 11:00:00,2025-02-23 18:00:00
VC00188,BMCT,2025-03-01 06:00:00,2025-03-01 12:00:00,2025-03-03 23:00:00
VC00189,NSICT,2025-01-28 07:00:00,2025-01-28 04:00:00,2025-01-29 09:00:00
VC00190,BMCT,2025-01-24 09:00:00,2025-01-24 05:00:00,2025-01-25 08:00:00
VC00191,GTI,2025-07-09 06:00:00,2025-07-09 15:00:00,2025-07-11 06:00:00
VC00192,NSFT,2025-03-19 23:00:00,2025-03-20 06:00:00,2025-03-21 03:00:00
VC00193,NSFT,2025-11-14 20:00:00,2025-11-15 01:00:00,2025-11-16 23:00:00
VC00194,GTI,2025-07-10 13:00:00,2025-07-10 12:00:00,2025-07-12 10:00:00
VC00195,NSICT,2025-07-13 03:00:00,2025-07-13 10:00:00,2025-07-14 07:00:00
VC00196,NSIGT,2025-06-24 15:00:00,2025-06-24 12:00:00,2025-06-25 17:00:00
VC00197,NSFT,2025-08-04 16:00:00,2025-08-04 20:00:00,2025-08-07 06:00:00
VC00198,NSIGT,2025-09-18 17:00:00,2025-09-18 18:00:00,2025-09-19 19:00:00
VC00199,NSFT,2025-04-18 21:00:00,2025-04-19 05:00:00,2025-04-20 19:00:00
VC00200,BMCT,2025-07-24 12:00:00,2025-07-24 17:00:00,2025-07-26 15:00:00
VC00201,NSIGT,2025-07-10 08:00:00,2025-07-10 08:00:00,2025-07-11 12:00:00
VC00202,NSFT,2025-08-17 13:00:00,2025-08-17 20:00:00,2025-08-19 04:00:00
VC00203,GTI,2025-09-08 17:00:00,2025-09-08 22:00:00,2025-09-10 23:00:00
VC00204,GTI,2025-09-12 16:00:00,2025-09-12 15:00:00,2025-09-14 02:00:00
VC00205,BMCT,2025-07-16 10:00:00,2025-07-16 09:00:00,2025-07-18 13:00:00
VC00206,NSFT,2025-01-24 18:00:00,2025-01-24 19:00:00,2025-01-25 15:00:00
VC00207,BMCT,2025-09-25 14:00:00,2025-09-25 17:00:00,2025-09-27 13:00:00
VC00208,BMCT,2025-11-19 19:00:00,2025-11-19 18:00:00,2025-11-21 02:00:00
VC00209,NSIGT,2025-07-03 11:00:00,2025-07-03 16:00:00,2025-07-06 00:00:00
VC00210,GTI,2025-05-27 14:00:00,2025-05-27 17:00:00,2025-05-29 05:00:00
VC00211,NSICT,2025-03-08 01:00:00,2025-03-07 23:00:00,2025-03-08 20:00:00
VC00212,NSFT,2025-06-03 00:00:00,2025-06-03 05:00:00,2025-06-05 10:00:00
VC00213,BMCT,2025-07-14 05:00:00,2025-07-14 01:00:00,2025-07-15 17:00:00
VC00214,NSICT,2025-09-16 08:00:00,2025-09-16 17:00:00,2025-09-17 13:00:00
VC00215,GTI,2025-06-13 15:00:00,2025-06-13 22:00:00,2025-06-15 23:00:00
VC00216,NSIGT,2025-03-02 11:00:00,2025-03-02 08:00:00,2025-03-04 02:00:00
VC00217,NSICT,2025-02-25 07:00:00,2025-02-25 14:00:00,2025-02-27 22:00:00
VC00218,NSIGT,2025-06-28 02:00:00,2025-06-28 02:00:00,2025-06-30 01:00:00
VC00219,BMCT,2025-07-26 09:00:00,2025-07-26 14:00:00,2025-07-28 10:00:00
VC00220,BMCT,2025-10-22 04:00:00,2025-10-22 03:00:00,2025-10-23 06:00:00
VC00221,GTI,2025-09-30 07:00:00,2025-09-30 07:00:00,2025-10-02 02:00:00
VC00222,GTI,2025-07-13 01:00:00,2025-07-12 21:00:00,2025-07-13 22:00:00
VC00223,NSIGT,2025-02-15 00:00:00,2025-02-15 05:00:00,2025-02-16 15:00:00
VC00224,NSIGT,2025-10-03 06:00:00,2025-10-03 10:00:00,2025-10-04 22:00:00
VC00225,NSFT,2025-07-01 15:00:00,2025-07-01 12:00:00,2025-07-03 06:00:00
VC00226,BMCT,2025-10-09 00:00:00,2025-10-08 23:00:00,2025-10-10 01:00:00
VC00227,NSIGT,2025-09-02 13:00:00,2025-09-02 18:00:00,2025-09-04 11:00:00
VC00228,NSICT,2025-04-16 12:00:00,2025-04-16 19:00:00,2025-04-18 02:00:00
VC00229,NSFT,2025-05-15 08:00:00,2025-05-15 12:00:00,2025-05-17 20:00:00
VC00230,BMCT,2025-05-18 09:00:00,2025-05-18 07:00:00,2025-05-20 18:00:00
VC00231,GTI,2025-04-01 00:00:00,2025-04-01 04:00:00,2025-04-03 08:00:00
VC00232,GTI,2025-09-14 12:00:00,2025-09-14 11:00:00,2025-09-15 14:00:00
VC00233,NSIGT,2025-05-05 02:00:00,2025-05-05 04:00:00,2025-05-07 04:00:00
VC00234,GTI,2025-08-21 08:00:00,2025-08-21 10:00:00,2025-08-23 21:00:00
VC00235,NSFT,2025-06-30 13:00:00,2025-06-30 12:00:00,2025-07-02 20:00:00
VC00236,NSIGT,2025-05-17 05:00:00,2025-05-17 12:00:00,2025-05-19 18:00:00
VC00237,BMCT,2025-08-17 21:00:00,2025-08-18 03:00:00,2025-08-18 23:00:00
VC00238,NSIGT,2025-02-28 04:00:00,2025-02-28 01:00:00,2025-03-01 01:00:00
VC00239,NSIGT,2025-07-06 09:00:00,2025-07-06 11:00:00,2025-07-08 13:00:00
VC00240,NSIGT,2025-02-18 22:00:00,2025-02-18 19:00:00,2025-02-20 01:00:00
VC00241,NSFT,2025-02-05 16:00:00,2025-02-05 22:00:00,2025-02-07 11:00:00
VC00242,NSIGT,2025-10-04 13:00:00,2025-10-04 14:00:00,2025-10-06 04:00:00
VC00243,GTI,2025-09-30 15:00:00,2025-09-30 16:00:00,2025-10-02 17:00:00
VC00244,BMCT,2025-08-13 20:00:00,2025-08-13 19:00:00,2025-08-15 20:00:00
VC00245,GTI,2025-11-04 22:00:00,2025-11-04 19:00:00,2025-11-06 01:00:00
VC00246,NSIGT,2025-07-22 04:00:00,2025-07-22 01:00:00,2025-07-24 04:00:00
VC00247,BMCT,2025-02-03 18:00:00,2025-02-03 21:00:00,2025-02-05 10:00:00
VC00248,NSFT,2025-05-09 00:00:00,2025-05-09 06:00:00,2025-05-11 00:00:00
VC00249,GTI,2025-03-25 04:00:00,2025-03-25 08:00:00,2025-03-27 12:00:00
VC00250,NSICT,2025-08-29 11:00:00,2025-08-29 10:00:00,2025-08-30 15:00:00
VC00251,NSICT,2025-02-27 21:00:00,2025-02-28 05:00:00,2025-03-01 00:00:00
VC00252,NSFT,2025-07-21 05:00:00,2025-07-21 10:00:00,2025-07-23 07:00:00
VC00253,NSFT,2025-10-11 01:00:00,2025-10-11 09:00:00,2025-10-12 15:00:00
VC00254,NSIGT,2025-03-03 01:00:00,2025-03-02 21:00:00,2025-03-04 01:00:00
VC00255,NSICT,2025-10-31 10:00:00,2025-10-31 06:00:00,2025-11-01 20:00:00
VC00256,NSFT,2025-08-23 15:00:00,2025-08-23 11:00:00,2025-08-25 17:00:00
VC00257,NSFT,2025-01-15 18:00:00,2025-01-16 00:00:00,2025-01-18 05:00:00
VC00258,NSICT,2025-06-27 20:00:00,2025-06-27 21:00:00,2025-06-29 21:00:00
VC00259,NSICT,2025-04-21 19:00:00,2025-04-21 18:00:00,2025-04-22 23:00:00
VC00260,NSICT,2025-08-22 01:00:00,2025-08-22 05:00:00,2025-08-24 14:00:00
VC00261,NSIGT,2025-03-06 03:00:00,2025-03-06 08:00:00,2025-03-08 12:00:00
VC00262,NSIGT,2025-06-14 00:00:00,2025-06-14 02:00:00,2025-06-14 21:00:00
VC00263,BMCT,2025-06-06 12:00:00,2025-06-06 13:00:00,2025-06-07 17:00:00
VC00264,NSIGT,2025-06-16 02:00:00,2025-06-16 03:00:00,2025-06-17 02:00:00
VC00265,NSICT,2025-11-04 04:00:00,2025-11-04 04:00:00,2025-11-05 10:00:00
VC00266,NSFT,2025-11-11 02:00:00,2025-11-11 03:00:00,2025-11-13 01:00:00
VC00267,NSICT,2025-01-24 09:00:00,2025-01-24 11:00:00,2025-01-26 04:00:00
VC00268,NSFT,2025-09-20 04:00:00,2025-09-20 04:00:00,2025-09-21 04:00:00
VC00269,NSIGT,2025-02-27 02:00:00,2025-02-27 05:00:00,2025-03-01 02:00:00
VC00270,NSICT,2025-02-22 06:00:00,2025-02-22 11:00:00,2025-02-24 05:00:00
VC00271,BMCT,2025-06-12 08:00:00,2025-06-12 13:00:00,2025-06-14 19:00:00
VC00272,NSICT,2025-11-22 04:00:00,2025-11-22 00:00:00,2025-11-23 07:00:00
VC00273,NSIGT,2025-06-24 16:00:00,2025-06-24 20:00:00,2025-06-27 02:00:00
VC00274,NSFT,2025-07-15 08:00:00,2025-07-15 08:00:00,2025-07-17 05:00:00
VC00275,BMCT,2025-09-06 12:00:00,2025-09-06 17:00:00,2025-09-07 21:00:00
VC00276,NSIGT,2025-06-09 03:00:00,2025-06-09 12:00:00,2025-06-10 19:00:00
VC00277,BMCT,2025-05-26 21:00:00,2025-05-26 22:00:00,2025-05-28 23:00:00
VC00278,NSIGT,2025-08-21 03:00:00,2025-08-21 00:00:00,2025-08-22 23:00:00
VC00279,NSIGT,2025-02-17 01:00:00,2025-02-17 06:00:00,2025-02-19 02:00:00
VC00280,GTI,2025-10-21 08:00:00,2025-10-21 08:00:00,2025-10-22 18:00:00
VC00281,GTI,2025-04-28 20:00:00,2025-04-28 20:00:00,2025-04-30 06:00:00
VC00282,BMCT,2025-07-16 04:00:00,2025-07-16 08:00:00,2025-07-18 01:00:00
VC00283,BMCT,2025-11-24 08:00:00,2025-11-24 12:00:00,2025-11-26 14:00:00
VC00284,NSIGT,2025-09-12 03:00:00,2025-09-11 23:00:00,2025-09-13 03:00:00
VC00285,BMCT,2025-09-08 05:00:00,2025-09-08 07:00:00,2025-09-10 14:00:00
VC00286,NSIGT,2025-09-29 20:00:00,2025-09-29 21:00:00,2025-09-30 23:00:00
VC00287,NSIGT,2025-02-08 18:00:00,2025-02-08 21:00:00,2025-02-10 11:00:00
VC00288,NSICT,2025-05-27 19:00:00,2025-05-27 23:00:00,2025-05-29 05:00:00
VC00289,BMCT,2025-09-27 09:00:00,2025-09-27 05:00:00,2025-09-29 13:00:00
VC00290,GTI,2025-03-29 03:00:00,2025-03-28 23:00:00,2025-03-30 00:00:00
VC00291,NSIGT,2025-04-14 15:00:00,2025-04-14 17:00:00,2025-04-15 16:00:00
VC00292,NSFT,2025-10-20 13:00:00,2025-10-20 20:00:00,2025-10-22 18:00:00
VC00293,NSFT,2025-09-18 11:00:00,2025-09-18 10:00:00,2025-09-19 10:00:00
VC00294,NSICT,2025-03-25 10:00:00,2025-03-25 07:00:00,2025-03-27 18:00:00
VC00295,BMCT,2025-01-05 05:00:00,2025-01-05 06:00:00,2025-01-07 08:00:00
VC00296,NSFT,2025-06-10 22:00:00,2025-06-10 21:00:00,2025-06-13 04:00:00
VC00297,BMCT,2025-10-18 10:00:00,2025-10-18 07:00:00,2025-10-19 13:00:00
VC00298,BMCT,2025-07-02 06:00:00,2025-07-02 14:00:00,2025-07-04 15:00:00
VC00299,NSIGT,2025-02-24 02:00:00,2025-02-24 07:00:00,2025-02-26 01:00:00
VC00300,GTI,2025-06-10 18:00:00,2025-06-11 01:00:00,2025-06-12 12:00:00
VC00301,NSICT,2025-06-01 22:00:00,2025-06-02 06:00:00,2025-06-03 20:00:00
VC00302,GTI,2025-07-21 08:00:00,2025-07-21 12:00:00,2025-07-22 06:00:00
VC00303,NSIGT,2025-08-09 14:00:00,2025-08-09 14:00:00,2025-08-10 14:00:00
VC00304,GTI,2025-03-23 10:00:00,2025-03-23 06:00:00,2025-03-24 05:00:00
VC00305,GTI,2025-06-19 06:00:00,2025-06-19 03:00:00,2025-06-21 04:00:00
VC00306,NSICT,2025-06-13 11:00:00,2025-06-13 11:00:00,2025-06-14 16:00:00
VC00307,GTI,2025-02-25 03:00:00,2025-02-25 07:00:00,2025-02-27 08:00:00
VC00308,NSFT,2025-06-16 07:00:00,2025-06-16 12:00:00,2025-06-18 11:00:00
VC00309,GTI,2025-02-16 08:00:00,2025-02-16 05:00:00,2025-02-17 05:00:00
VC00310,NSIGT,2025-03-07 05:00:00,2025-03-07 04:00:00,2025-03-08 11:00:00
VC00311,NSIGT,2025-04-05 20:00:00,2025-04-06 04:00:00,2025-04-07 08:00:00
VC00312,NSICT,2025-11-20 16:00:00,2025-11-20 16:00:00,2025-11-21 14:00:00
VC00313,NSICT,2025-01-18 11:00:00,2025-01-18 08:00:00,2025-01-20 11:00:00
VC00314,GTI,2025-10-13 20:00:00,2025-10-13 19:00:00,2025-10-15 04:00:00
VC00315,NSICT,2025-03-14 04:00:00,2025-03-14 05:00:00,2025-03-16 13:00:00
VC00316,GTI,2025-11-12 22:00:00,2025-11-13 00:00:00,2025-11-15 05:00:00
VC00317,NSICT,2025-02-13 08:00:00,2025-02-13 10:00:00,2025-02-15 16:00:00
VC00318,NSFT,2025-07-23 09:00:00,2025-07-23 06:00:00,2025-07-25 07:00:00
VC00319,NSFT,2025-06-04 22:00:00,2025-06-04 19:00:00,2025-06-06 10:00:00
VC00320,BMCT,2025-03-17 08:00:00,2025-03-17 06:00:00,2025-03-18 17:00:00
VC00321,NSICT,2025-04-29 20:00:00,2025-04-29 20:00:00,2025-05-01 05:00:00
VC00322,NSICT,2025-05-16 13:00:00,2025-05-16 22:00:00,2025-05-18 18:00:00
VC00323,NSIGT,2025-07-15 14:00:00,2025-07-15 13:00:00,2025-07-17 01:00:00
VC00324,NSIGT,2025-09-02 12:00:00,2025-09-02 12:00:00,2025-09-04 18:00:00
VC00325,NSIGT,2025-04-04 15:00:00,2025-04-04 20:00:00,2025-04-05 21:00:00
VC00326,BMCT,2025-05-08 05:00:00,2025-05-08 05:00:00,2025-05-09 14:00:00
VC00327,NSFT,2025-01-12 07:00:00,2025-01-12 16:00:00,2025-01-14 06:00:00
VC00328,GTI,2025-03-28 09:00:00,2025-03-28 11:00:00,2025-03-29 16:00:00
VC00329,GTI,2025-04-21 08:00:00,2025-04-21 09:00:00,2025-04-22 12:00:00
VC00330,NSIGT,2025-09-27 01:00:00,2025-09-27 07:00:00,2025-09-29 00:00:00
VC00331,BMCT,2025-09-09 17:00:00,2025-09-10 00:00:00,2025-09-11 00:00:00
VC00332,NSFT,2025-09-15 09:00:00,2025-09-15 14:00:00,2025-09-17 16:00:00
VC00333,BMCT,2025-03-27 06:00:00,2025-03-27 03:00:00,2025-03-28 12:00:00
VC00334,BMCT,2025-03-13 13:00:00,2025-03-13 13:00:00,2025-03-15 14:00:00
VC00335,GTI,2025-05-15 20:00:00,2025-05-16 00:00:00,2025-05-16 20:00:00
VC00336,NSICT,2025-05-23 11:00:00,2025-05-23 12:00:00,2025-05-25 15:00:00
VC00337,NSICT,2025-09-09 15:00:00,2025-09-09 17:00:00,2025-09-11 06:00:00
VC00338,NSFT,2025-10-16 13:00:00,2025-10-16 12:00:00,2025-10-18 17:00:00
VC00339,NSIGT,2025-05-16 13:00:00,2025-05-16 13:00:00,2025-05-18 12:00:00
VC00340,GTI,2025-03-13 18:00:00,2025-03-13 20:00:00,2025-03-15 23:00:00
VC00341,BMCT,2025-10-23 16:00:00,2025-10-23 23:00:00,2025-10-25 20:00:00
VC00342,NSICT,2025-06-28 20:00:00,2025-06-28 21:00:00,2025-06-29 19:00:00
VC00343,GTI,2025-11-03 00:00:00,2025-11-03 06:00:00,2025-11-05 16:00:00
VC00344,BMCT,2025-05-10 22:00:00,2025-05-11 07:00:00,2025-05-12 17:00:00
VC00345,GTI,2025-04-14 12:00:00,2025-04-14 09:00:00,2025-04-16 16:00:00
VC00346,NSFT,2025-01-21 02:00:00,2025-01-21 10:00:00,2025-01-23 01:00:00
VC00347,NSFT,2025-09-03 07:00:00,2025-09-03 07:00:00,2025-09-05 03:00:00
VC00348,GTI,2025-06-15 04:00:00,2025-06-15 01:00:00,2025-06-16 02:00:00
VC00349,NSFT,2025-03-26 08:00:00,2025-03-26 15:00:00,2025-03-28 22:00:00
VC00350,GTI,2025-05-29 21:00:00,2025-05-29 17:00:00,2025-05-31 20:00:00
VC00351,BMCT,2025-02-16 12:00:00,2025-02-16 21:00:00,2025-02-18 09:00:00
VC00352,NSFT,2025-11-20 18:00:00,2025-11-20 16:00:00,2025-11-22 03:00:00
VC00353,GTI,2025-05-26 23:00:00,2025-05-27 03:00:00,2025-05-29 06:00:00
VC00354,GTI,2025-04-11 01:00:00,2025-04-11 00:00:00,2025-04-12 00:00:00
VC00355,NSIGT,2025-07-20 19:00:00,2025-07-21 03:00:00,2025-07-22 08:00:00
VC00356,NSIGT,2025-09-22 21:00:00,2025-09-23 02:00:00,2025-09-24 01:00:00
VC00357,GTI,2025-11-08 20:00:00,2025-11-09 05:00:00,2025-11-10 21:00:00
VC00358,NSIGT,2025-08-16 06:00:00,2025-08-16 13:00:00,2025-08-17 22:00:00
VC00359,NSFT,2025-02-18 15:00:00,2025-02-18 21:00:00,2025-02-21 08:00:00
VC00360,NSIGT,2025-05-20 09:00:00,2025-05-20 18:00:00,2025-05-23 01:00:00
VC00361,NSIGT,2025-08-26 10:00:00,2025-08-26 15:00:00,2025-08-28 10:00:00
VC00362,GTI,2025-10-02 12:00:00,2025-10-02 10:00:00,2025-10-04 12:00:00
VC00363,NSIGT,2025-06-08 11:00:00,2025-06-08 10:00:00,2025-06-10 01:00:00
VC00364,GTI,2025-10-11 21:00:00,2025-10-12 02:00:00,2025-10-13 13:00:00
VC00365,NSIGT,2025-02-13 21:00:00,2025-02-13 22:00:00,2025-02-16 01:00:00
VC00366,NSIGT,2025-04-25 12:00:00,2025-04-25 18:00:00,2025-04-27 03:00:00
VC00367,BMCT,2025-11-21 05:00:00,2025-11-21 09:00:00,2025-11-22 16:00:00
VC00368,NSIGT,2025-03-07 11:00:00,2025-03-07 07:00:00,2025-03-08 06:00:00
VC00369,NSIGT,2025-08-20 22:00:00,2025-08-21 06:00:00,2025-08-23 10:00:00
VC00370,NSICT,2025-03-12 09:00:00,2025-03-12 18:00:00,2025-03-14 21:00:00
VC00371,NSFT,2025-02-12 22:00:00,2025-02-12 22:00:00,2025-02-13 16:00:00
VC00372,NSFT,2025-02-23 03:00:00,2025-02-23 02:00:00,2025-02-25 07:00:00
VC00373,NSFT,2025-10-29 22:00:00,2025-10-29 23:00:00,2025-10-31 03:00:00
VC00374,BMCT,2025-11-23 19:00:00,2025-11-24 02:00:00,2025-11-26 09:00:00
VC00375,NSFT,2025-02-04 08:00:00,2025-02-04 04:00:00,2025-02-05 05:00:00
VC00376,NSICT,2025-08-25 02:00:00,2025-08-25 00:00:00,2025-08-26 00:00:00
VC00377,NSICT,2025-01-31 21:00:00,2025-02-01 02:00:00,2025-02-02 06:00:00
VC00378,GTI,2025-10-01 03:00:00,2025-10-01 04:00:00,2025-10-03 13:00:00
VC00379,NSICT,2025-04-21 12:00:00,2025-04-21 14:00:00,2025-04-23 23:00:00
VC00380,NSIGT,2025-01-16 16:00:00,2025-01-17 01:00:00,2025-01-18 22:00:00
VC00381,NSFT,2025-11-09 15:00:00,2025-11-09 22:00:00,2025-11-10 17:00:00
VC00382,NSIGT,2025-11-03 16:00:00,2025-11-03 13:00:00,2025-11-05 08:00:00
VC00383,BMCT,2025-01-12 00:00:00,2025-01-11 23:00:00,2025-01-13 05:00:00
VC00384,NSICT,2025-05-10 22:00:00,2025-05-10 21:00:00,2025-05-12 21:00:00
VC00385,NSFT,2025-11-03 01:00:00,2025-11-03 06:00:00,2025-11-05 00:00:00
VC00386,NSICT,2025-04-27 19:00:00,2025-04-27 21:00:00,2025-04-30 03:00:00
VC00387,BMCT,2025-07-23 20:00:00,2025-07-24 01:00:00,2025-07-26 00:00:00
VC00388,NSFT,2025-10-17 21:00:00,2025-10-17 20:00:00,2025-10-19 03:00:00
VC00389,NSFT,2025-01-23 08:00:00,2025-01-23 10:00:00,2025-01-25 12:00:00
VC00390,NSFT,2025-06-13 21:00:00,2025-06-13 22:00:00,2025-06-15 02:00:00
VC00391,GTI,2025-07-09 12:00:00,2025-07-09 10:00:00,2025-07-10 20:00:00
VC00392,NSFT,2025-11-05 01:00:00,2025-11-04 23:00:00,2025-11-06 02:00:00
VC00393,NSFT,2025-06-02 22:00:00,2025-06-02 23:00:00,2025-06-04 02:00:00
VC00394,BMCT,2025-10-07 03:00:00,2025-10-07 08:00:00,2025-10-08 18:00:00
VC00395,NSICT,2025-07-07 23:00:00,2025-07-08 05:00:00,2025-07-10 10:00:00
VC00396,BMCT,2025-05-25 04:00:00,2025-05-25 10:00:00,2025-05-26 22:00:00
VC00397,NSIGT,2025-09-03 17:00:00,2025-09-03 15:00:00,2025-09-04 14:00:00
VC00398,NSIGT,2025-10-10 04:00:00,2025-10-10 08:00:00,2025-10-12 09:00:00
VC00399,BMCT,2025-08-15 04:00:00,2025-08-15 01:00:00,2025-08-15 21:00:00
VC00400,GTI,2025-07-26 07:00:00,2025-07-26 04:00:00,2025-07-27 21:00:00
VC00401,NSIGT,2025-11-29 09:00:00,2025-11-29 11:00:00,2025-11-30 14:00:00
VC00402,BMCT,2025-07-20 19:00:00,2025-07-21 00:00:00,2025-07-23 07:00:00
VC00403,GTI,2025-02-22 05:00:00,2025-02-22 04:00:00,2025-02-23 18:00:00
VC00404,NSICT,2025-11-03 10:00:00,2025-11-03 08:00:00,2025-11-04 19:00:00
VC00405,GTI,2025-09-28 22:00:00,2025-09-29 05:00:00,2025-10-01 14:00:00
VC00406,NSICT,2025-05-04 08:00:00,2025-05-04 12:00:00,2025-05-06 01:00:00
VC00407,NSFT,2025-05-18 00:00:00,2025-05-18 07:00:00,2025-05-20 07:00:00
VC00408,GTI,2025-08-10 18:00:00,2025-08-10 15:00:00,2025-08-12 03:00:00
VC00409,BMCT,2025-09-19 02:00:00,2025-09-19 11:00:00,2025-09-21 04:00:00
VC00410,NSICT,2025-08-23 11:00:00,2025-08-23 18:00:00,2025-08-25 08:00:00
VC00411,NSFT,2025-10-25 06:00:00,2025-10-25 13:00:00,2025-10-27 04:00:00
VC00412,NSICT,2025-01-24 12:00:00,2025-01-24 09:00:00,2025-01-25 21:00:00
VC00413,NSIGT,2025-11-27 15:00:00,2025-11-27 20:00:00,2025-11-29 19:00:00
VC00414,BMCT,2025-06-12 12:00:00,2025-06-12 15:00:00,2025-06-14 04:00:00
VC00415,NSIGT,2025-03-30 16:00:00,2025-03-30 14:00:00,2025-04-01 10:00:00
VC00416,NSIGT,2025-03-14 01:00:00,2025-03-14 09:00:00,2025-03-16 09:00:00
VC00417,NSIGT,2025-05-31 23:00:00,2025-06-01 06:00:00,2025-06-02 14:00:00
VC00418,NSFT,2025-04-11 14:00:00,2025-04-11 21:00:00,2025-04-12 22:00:00
VC00419,NSFT,2025-11-11 06:00:00,2025-11-11 12:00:00,2025-11-12 09:00:00
VC00420,BMCT,2025-06-15 20:00:00,2025-06-15 18:00:00,2025-06-17 13:00:00
VC00421,NSICT,2025-11-12 05:00:00,2025-11-12 11:00:00,2025-11-13 13:00:00
VC00422,NSIGT,2025-08-13 07:00:00,2025-08-13 09:00:00,2025-08-14 18:00:00
VC00423,NSICT,2025-05-05 06:00:00,2025-05-05 11:00:00,2025-05-07 13:00:00
VC00424,NSFT,2025-05-14 08:00:00,2025-05-14 12:00:00,2025-05-16 01:00:00
VC00425,NSFT,2025-11-10 09:00:00,2025-11-10 16:00:00,2025-11-12 12:00:00
VC00426,NSICT,2025-08-08 08:00:00,2025-08-08 11:00:00,2025-08-09 11:00:00
VC00427,GTI,2025-05-16 07:00:00,2025-05-16 07:00:00,2025-05-18 10:00:00
VC00428,NSFT,2025-09-07 11:00:00,2025-09-07 16:00:00,2025-09-09 10:00:00
VC00429,GTI,2025-05-05 22:00:00,2025-05-06 03:00:00,2025-05-06 22:00:00
VC00430,NSICT,2025-03-14 11:00:00,2025-03-14 11:00:00,2025-03-16 00:00:00
VC00431,NSICT,2025-09-10 04:00:00,2025-09-10 07:00:00,2025-09-12 14:00:00
VC00432,GTI,2025-01-29 07:00:00,2025-01-29 12:00:00,2025-01-31 01:00:00
VC00433,NSIGT,2025-06-07 01:00:00,2025-06-07 01:00:00,2025-06-08 11:00:00
VC00434,BMCT,2025-05-18 05:00:00,2025-05-18 03:00:00,2025-05-18 22:00:00
VC00435,GTI,2025-05-30 09:00:00,2025-05-30 09:00:00,2025-06-01 17:00:00
VC00436,NSICT,2025-03-12 22:00:00,2025-03-13 05:00:00,2025-03-14 08:00:00
VC00437,NSFT,2025-05-09 16:00:00,2025-05-09 14:00:00,2025-05-11 08:00:00
VC00438,NSIGT,2025-02-11 02:00:00,2025-02-11 03:00:00,2025-02-12 14:00:00
VC00439,GTI,2025-05-25 06:00:00,2025-05-25 08:00:00,2025-05-27 00:00:00
VC00440,GTI,2025-09-03 12:00:00,2025-09-03 19:00:00,2025-09-04 18:00:00
VC00441,NSIGT,2025-02-16 14:00:00,2025-02-16 15:00:00,2025-02-18 19:00:00
VC00442,BMCT,2025-02-20 05:00:00,2025-02-20 14:00:00,2025-02-21 14:00:00
VC00443,NSFT,2025-01-21 08:00:00,2025-01-21 09:00:00,2025-01-23 05:00:00
VC00444,BMCT,2025-10-05 09:00:00,2025-10-05 11:00:00,2025-10-06 15:00:00
VC00445,BMCT,2025-09-09 07:00:00,2025-09-09 14:00:00,2025-09-11 12:00:00
VC00446,NSICT,2025-01-15 13:00:00,2025-01-15 15:00:00,2025-01-16 12:00:00
VC00447,GTI,2025-07-08 03:00:00,2025-07-08 08:00:00,2025-07-09 08:00:00
VC00448,NSICT,2025-06-06 05:00:00,2025-06-06 05:00:00,2025-06-08 12:00:00
VC00449,GTI,2025-08-12 23:00:00,2025-08-13 04:00:00,2025-08-14 23:00:00
VC00450,GTI,2025-05-05 16:00:00,2025-05-05 20:00:00,2025-05-08 00:00:00
VC00451,NSFT,2025-09-25 10:00:00,2025-09-25 19:00:00,2025-09-27 03:00:00
VC00452,BMCT,2025-06-19 01:00:00,2025-06-19 02:00:00,2025-06-21 04:00:00
VC00453,GTI,2025-03-18 16:00:00,2025-03-18 15:00:00,2025-03-19 12:00:00
VC00454,NSFT,2025-06-17 12:00:00,2025-06-17 09:00:00,2025-06-19 09:00:00
VC00455,GTI,2025-03-19 22:00:00,2025-03-20 01:00:00,2025-03-21 00:00:00
VC00456,NSIGT,2025-06-17 10:00:00,2025-06-17 13:00:00,2025-06-19 10:00:00
VC00457,NSIGT,2025-04-03 15:00:00,2025-04-03 12:00:00,2025-04-05 02:00:00
VC00458,GTI,2025-05-25 10:00:00,2025-05-25 06:00:00,2025-05-27 02:00:00
VC00459,NSIGT,2025-04-12 07:00:00,2025-04-12 08:00:00,2025-04-13 13:00:00
VC00460,NSICT,2025-06-24 08:00:00,2025-06-24 04:00:00,2025-06-25 02:00:00
VC00461,NSICT,2025-09-11 13:00:00,2025-09-11 22:00:00,2025-09-14 00:00:00
VC00462,NSFT,2025-08-18 09:00:00,2025-08-18 16:00:00,2025-08-20 05:00:00
VC00463,GTI,2025-05-05 17:00:00,2025-05-05 14:00:00,2025-05-06 13:00:00
VC00464,NSICT,2025-06-16 08:00:00,2025-06-16 14:00:00,2025-06-18 01:00:00
VC00465,NSIGT,2025-04-18 17:00:00,2025-04-18 23:00:00,2025-04-19 17:00:00
VC00466,BMCT,2025-04-14 19:00:00,2025-04-15 01:00:00,2025-04-17 07:00:00
VC00467,NSIGT,2025-08-01 02:00:00,2025-08-01 10:00:00,2025-08-03 21:00:00
VC00468,NSFT,2025-09-18 23:00:00,2025-09-19 04:00:00,2025-09-20 14:00:00
VC00469,NSFT,2025-03-04 04:00:00,2025-03-04 07:00:00,2025-03-05 14:00:00
VC00470,NSICT,2025-03-27 04:00:00,2025-03-27 10:00:00,2025-03-29 06:00:00
VC00471,NSFT,2025-02-05 11:00:00,2025-02-05 18:00:00,2025-02-07 09:00:00
VC00472,BMCT,2025-11-27 15:00:00,2025-11-27 19:00:00,2025-11-29 20:00:00
VC00473,GTI,2025-08-21 09:00:00,2025-08-21 11:00:00,2025-08-22 13:00:00
VC00474,GTI,2025-02-22 18:00:00,2025-02-22 22:00:00,2025-02-24 07:00:00
VC00475,NSICT,2025-09-10 03:00:00,2025-09-10 03:00:00,2025-09-11 05:00:00
VC00476,NSFT,2025-04-12 23:00:00,2025-04-13 00:00:00,2025-04-15 09:00:00
VC00477,BMCT,2025-04-09 18:00:00,2025-04-09 21:00:00,2025-04-11 07:00:00
VC00478,GTI,2025-06-12 20:00:00,2025-06-13 02:00:00,2025-06-14 22:00:00
VC00479,NSIGT,2025-08-01 00:00:00,2025-07-31 22:00:00,2025-08-03 01:00:00
VC00480,NSIGT,2025-08-08 12:00:00,2025-08-08 14:00:00,2025-08-10 09:00:00
VC00481,NSICT,2025-01-12 08:00:00,2025-01-12 08:00:00,2025-01-13 03:00:00
VC00482,NSFT,2025-09-05 02:00:00,2025-09-05 00:00:00,2025-09-07 11:00:00
VC00483,NSICT,2025-05-15 18:00:00,2025-05-15 18:00:00,2025-05-17 23:00:00
VC00484,NSIGT,2025-11-02 05:00:00,2025-11-02 05:00:00,2025-11-03 11:00:00
VC00485,BMCT,2025-07-12 15:00:00,2025-07-13 00:00:00,2025-07-15 11:00:00
VC00486,NSIGT,2025-11-09 00:00:00,2025-11-09 01:00:00,2025-11-11 08:00:00
VC00487,GTI,2025-03-26 11:00:00,2025-03-26 11:00:00,2025-03-28 04:00:00
VC00488,BMCT,2025-08-10 03:00:00,2025-08-10 04:00:00,2025-08-11 16:00:00
VC00489,NSFT,2025-04-27 01:00:00,2025-04-27 00:00:00,2025-04-28 09:00:00
VC00490,BMCT,2025-10-14 05:00:00,2025-10-14 13:00:00,2025-10-15 17:00:00
VC00491,NSICT,2025-07-23 04:00:00,2025-07-23 13:00:00,2025-07-24 16:00:00
VC00492,NSIGT,2025-09-08 18:00:00,2025-09-08 19:00:00,2025-09-09 18:00:00
VC00493,NSFT,2025-07-16 15:00:00,2025-07-16 12:00:00,2025-07-17 13:00:00
VC00494,NSFT,2025-09-12 13:00:00,2025-09-12 09:00:00,2025-09-14 20:00:00
VC00495,GTI,2025-02-21 09:00:00,2025-02-21 18:00:00,2025-02-23 01:00:00
VC00496,GTI,2025-03-18 02:00:00,2025-03-18 09:00:00,2025-03-19 11:00:00
VC00497,NSIGT,2025-08-24 12:00:00,2025-08-24 19:00:00,2025-08-27 00:00:00
VC00498,BMCT,2025-03-03 10:00:00,2025-03-03 14:00:00,2025-03-05 09:00:00
VC00499,NSICT,2025-01-27 16:00:00,2025-01-27 21:00:00,2025-01-28 15:00:00
VC00500,NSICT,2025-07-06 06:00:00,2025-07-06 12:00:00,2025-07-07 16:00:00
VC00501,NSICT,2025-11-20 05:00:00,2025-11-20 06:00:00,2025-11-22 09:00:00
VC00502,GTI,2025-04-14 09:00:00,2025-04-14 16:00:00,2025-04-15 21:00:00
VC00503,BMCT,2025-03-09 10:00:00,2025-03-09 08:00:00,2025-03-11 06:00:00
VC00504,NSICT,2025-08-30 18:00:00,2025-08-30 20:00:00,2025-09-01 14:00:00
VC00505,NSICT,2025-03-26 12:00:00,2025-03-26 09:00:00,2025-03-27 03:00:00
VC00506,GTI,2025-09-16 11:00:00,2025-09-16 17:00:00,2025-09-17 16:00:00
VC00507,NSICT,2025-03-08 18:00:00,2025-03-08 15:00:00,2025-03-09 11:00:00
VC00508,NSICT,2025-03-04 23:00:00,2025-03-05 02:00:00,2025-03-07 06:00:00
VC00509,NSICT,2025-11-27 11:00:00,2025-11-27 11:00:00,2025-11-29 11:00:00
VC00510,NSIGT,2025-07-19 13:00:00,2025-07-19 22:00:00,2025-07-20 21:00:00
VC00511,BMCT,2025-04-06 12:00:00,2025-04-06 13:00:00,2025-04-08 11:00:00
VC00512,BMCT,2025-05-31 07:00:00,2025-05-31 04:00:00,2025-06-01 04:00:00
VC00513,NSFT,2025-07-21 18:00:00,2025-07-22 02:00:00,2025-07-23 09:00:00
VC00514,NSICT,2025-01-16 09:00:00,2025-01-16 12:00:00,2025-01-18 10:00:00
VC00515,GTI,2025-11-27 05:00:00,2025-11-27 08:00:00,2025-11-29 14:00:00
VC00516,GTI,2025-06-09 13:00:00,2025-06-09 17:00:00,2025-06-10 23:00:00
VC00517,BMCT,2025-11-13 16:00:00,2025-11-14 01:00:00,2025-11-15 03:00:00
VC00518,NSIGT,2025-09-21 12:00:00,2025-09-21 08:00:00,2025-09-22 02:00:00
VC00519,NSICT,2025-01-15 02:00:00,2025-01-15 08:00:00,2025-01-16 19:00:00
VC00520,NSFT,2025-09-24 20:00:00,2025-09-24 22:00:00,2025-09-26 15:00:00
VC00521,NSFT,2025-06-23 17:00:00,2025-06-23 15:00:00,2025-06-24 13:00:00
VC00522,NSFT,2025-10-21 23:00:00,2025-10-22 07:00:00,2025-10-24 04:00:00
VC00523,GTI,2025-07-20 10:00:00,2025-07-20 13:00:00,2025-07-22 10:00:00
VC00524,NSIGT,2025-04-04 00:00:00,2025-04-04 08:00:00,2025-04-05 08:00:00
VC00525,NSFT,2025-08-23 03:00:00,2025-08-23 01:00:00,2025-08-23 22:00:00
VC00526,BMCT,2025-04-06 06:00:00,2025-04-06 11:00:00,2025-04-07 13:00:00
VC00527,NSFT,2025-04-22 23:00:00,2025-04-22 19:00:00,2025-04-23 20:00:00
VC00528,NSIGT,2025-07-16 05:00:00,2025-07-16 14:00:00,2025-07-17 15:00:00
VC00529,NSFT,2025-04-20 07:00:00,2025-04-20 16:00:00,2025-04-22 18:00:00
VC00530,GTI,2025-11-08 12:00:00,2025-11-08 20:00:00,2025-11-09 23:00:00
VC00531,NSFT,2025-01-02 10:00:00,2025-01-02 10:00:00,2025-01-04 01:00:00
VC00532,GTI,2025-05-09 04:00:00,2025-05-09 09:00:00,2025-05-11 11:00:00
VC00533,NSIGT,2025-01-12 17:00:00,2025-01-12 15:00:00,2025-01-14 12:00:00
VC00534,GTI,2025-08-28 19:00:00,2025-08-29 02:00:00,2025-08-30 13:00:00
VC00535,NSICT,2025-07-03 08:00:00,2025-07-03 05:00:00,2025-07-05 05:00:00
VC00536,NSIGT,2025-02-19 13:00:00,2025-02-19 19:00:00,2025-02-20 13:00:00
VC00537,NSICT,2025-01-26 07:00:00,2025-01-26 12:00:00,2025-01-28 07:00:00
VC00538,GTI,2025-09-06 11:00:00,2025-09-06 11:00:00,2025-09-07 19:00:00
VC00539,NSIGT,2025-03-09 11:00:00,2025-03-09 13:00:00,2025-03-10 15:00:00
VC00540,BMCT,2025-10-08 16:00:00,2025-10-08 18:00:00,2025-10-09 19:00:00
VC00541,GTI,2025-04-22 02:00:00,2025-04-21 22:00:00,2025-04-23 21:00:00
VC00542,NSIGT,2025-07-03 00:00:00,2025-07-02 20:00:00,2025-07-05 06:00:00
VC00543,NSFT,2025-01-24 11:00:00,2025-01-24 17:00:00,2025-01-25 15:00:00
VC00544,NSFT,2025-06-19 06:00:00,2025-06-19 11:00:00,2025-06-20 17:00:00
VC00545,BMCT,2025-01-11 06:00:00,2025-01-11 05:00:00,2025-01-12 10:00:00
VC00546,NSFT,2025-03-16 10:00:00,2025-03-16 12:00:00,2025-03-18 02:00:00
VC00547,NSIGT,2025-11-05 23:00:00,2025-11-06 05:00:00,2025-11-07 17:00:00
VC00548,NSIGT,2025-11-22 19:00:00,2025-11-23 00:00:00,2025-11-24 22:00:00
VC00549,NSICT,2025-05-26 01:00:00,2025-05-26 03:00:00,2025-05-27 01:00:00
VC00550,NSICT,2025-10-30 18:00:00,2025-10-31 02:00:00,2025-11-01 17:00:00
VC00551,GTI,2025-03-10 07:00:00,2025-03-10 10:00:00,2025-03-11 08:00:00
VC00552,BMCT,2025-07-15 15:00:00,2025-07-15 11:00:00,2025-07-17 14:00:00
VC00553,NSFT,2025-08-25 03:00:00,2025-08-25 05:00:00,2025-08-27 02:00:00
VC00554,GTI,2025-10-24 17:00:00,2025-10-24 16:00:00,2025-10-26 23:00:00
VC00555,GTI,2025-01-04 03:00:00,2025-01-04 08:00:00,2025-01-06 09:00:00
VC00556,NSFT,2025-07-18 06:00:00,2025-07-18 03:00:00,2025-07-20 01:00:00
VC00557,GTI,2025-03-23 16:00:00,2025-03-24 01:00:00,2025-03-25 10:00:00
VC00558,BMCT,2025-05-09 23:00:00,2025-05-10 03:00:00,2025-05-12 08:00:00
VC00559,NSIGT,2025-11-17 05:00:00,2025-11-17 12:00:00,2025-11-18 22:00:00
VC00560,NSIGT,2025-08-06 18:00:00,2025-08-06 20:00:00,2025-08-08 00:00:00
VC00561,GTI,2025-10-27 05:00:00,2025-10-27 01:00:00,2025-10-28 03:00:00
VC00562,NSICT,2025-03-05 12:00:00,2025-03-05 14:00:00,2025-03-07 05:00:00
VC00563,NSICT,2025-07-31 23:00:00,2025-08-01 01:00:00,2025-08-02 16:00:00
VC00564,GTI,2025-11-05 18:00:00,2025-11-05 19:00:00,2025-11-06 23:00:00
VC00565,NSFT,2025-02-01 01:00:00,2025-02-01 00:00:00,2025-02-02 18:00:00
VC00566,NSICT,2025-10-19 01:00:00,2025-10-18 23:00:00,2025-10-20 01:00:00
VC00567,BMCT,2025-04-17 00:00:00,2025-04-16 21:00:00,2025-04-19 06:00:00
VC00568,NSIGT,2025-05-21 09:00:00,2025-05-21 11:00:00,2025-05-22 06:00:00
VC00569,GTI,2025-01-10 07:00:00,2025-01-10 05:00:00,2025-01-11 00:00:00
VC00570,NSIGT,2025-10-07 10:00:00,2025-10-07 14:00:00,2025-10-08 21:00:00
VC00571,NSFT,2025-03-15 01:00:00,2025-03-15 00:00:00,2025-03-17 08:00:00
VC00572,NSICT,2025-11-27 11:00:00,2025-11-27 13:00:00,2025-11-28 15:00:00
VC00573,NSICT,2025-01-09 11:00:00,2025-01-09 20:00:00,2025-01-12 07:00:00
VC00574,GTI,2025-02-06 11:00:00,2025-02-06 14:00:00,2025-02-07 22:00:00
VC00575,BMCT,2025-02-12 01:00:00,2025-02-12 07:00:00,2025-02-13 15:00:00
VC00576,NSICT,2025-08-15 04:00:00,2025-08-15 09:00:00,2025-08-16 07:00:00
VC00577,GTI,2025-07-31 01:00:00,2025-07-31 08:00:00,2025-08-02 08:00:00
VC00578,GTI,2025-03-10 08:00:00,2025-03-10 04:00:00,2025-03-12 10:00:00
VC00579,NSIGT,2025-02-03 11:00:00,2025-02-03 16:00:00,2025-02-05 20:00:00
VC00580,BMCT,2025-03-29 08:00:00,2025-03-29 07:00:00,2025-03-30 07:00:00
VC00581,NSFT,2025-02-21 22:00:00,2025-02-21 22:00:00,2025-02-23 19:00:00
VC00582,NSIGT,2025-08-27 16:00:00,2025-08-28 00:00:00,2025-08-29 12:00:00
VC00583,NSFT,2025-10-28 22:00:00,2025-10-28 23:00:00,2025-10-30 05:00:00
VC00584,NSFT,2025-05-23 19:00:00,2025-05-23 22:00:00,2025-05-26 00:00:00
VC00585,GTI,2025-04-22 19:00:00,2025-04-22 21:00:00,2025-04-24 17:00:00
VC00586,BMCT,2025-06-24 10:00:00,2025-06-24 07:00:00,2025-06-26 13:00:00
VC00587,GTI,2025-04-21 23:00:00,2025-04-21 23:00:00,2025-04-24 05:00:00
VC00588,NSFT,2025-03-02 11:00:00,2025-03-02 09:00:00,2025-03-04 14:00:00
VC00589,GTI,2025-01-29 20:00:00,2025-01-29 21:00:00,2025-01-30 19:00:00
VC00590,BMCT,2025-08-06 01:00:00,2025-08-05 21:00:00,2025-08-07 17:00:00
VC00591,NSIGT,2025-09-23 07:00:00,2025-09-23 13:00:00,2025-09-25 03:00:00
VC00592,GTI,2025-06-23 07:00:00,2025-06-23 10:00:00,2025-06-24 11:00:00
VC00593,NSIGT,2025-08-14 11:00:00,2025-08-14 08:00:00,2025-08-15 02:00:00
VC00594,GTI,2025-02-08 17:00:00,2025-02-09 02:00:00,2025-02-10 04:00:00
VC00595,NSIGT,2025-07-02 09:00:00,2025-07-02 08:00:00,2025-07-04 13:00:00
VC00596,NSFT,2025-08-13 01:00:00,2025-08-13 01:00:00,2025-08-14 23:00:00
VC00597,GTI,2025-07-25 23:00:00,2025-07-26 01:00:00,2025-07-28 03:00:00
VC00598,GTI,2025-01-09 05:00:00,2025-01-09 08:00:00,2025-01-11 15:00:00
VC00599,NSICT,2025-02-03 11:00:00,2025-02-03 16:00:00,2025-02-04 11:00:00
VC00600,NSICT,2025-11-25 11:00:00,2025-11-25 14:00:00,2025-11-27 01:00:00
VC00601,GTI,2025-03-28 18:00:00,2025-03-28 23:00:00,2025-03-31 00:00:00
VC00602,NSFT,2025-03-19 04:00:00,2025-03-19 04:00:00,2025-03-21 04:00:00
VC00603,NSFT,2025-07-14 13:00:00,2025-07-14 19:00:00,2025-07-16 18:00:00
VC00604,NSIGT,2025-09-02 09:00:00,2025-09-02 16:00:00,2025-09-03 15:00:00
VC00605,GTI,2025-11-14 09:00:00,2025-11-14 06:00:00,2025-11-15 05:00:00
VC00606,BMCT,2025-09-05 20:00:00,2025-09-05 17:00:00,2025-09-07 05:00:00
VC00607,GTI,2025-09-30 09:00:00,2025-09-30 07:00:00,2025-10-01 23:00:00
VC00608,NSICT,2025-11-02 17:00:00,2025-11-02 17:00:00,2025-11-04 00:00:00
VC00609,GTI,2025-08-02 13:00:00,2025-08-02 13:00:00,2025-08-04 11:00:00
VC00610,NSICT,2025-07-21 19:00:00,2025-07-22 01:00:00,2025-07-23 04:00:00
VC00611,BMCT,2025-06-22 22:00:00,2025-06-22 21:00:00,2025-06-24 05:00:00
VC00612,NSFT,2025-03-10 11:00:00,2025-03-10 19:00:00,2025-03-11 17:00:00
VC00613,NSICT,2025-01-06 01:00:00,2025-01-06 07:00:00,2025-01-07 22:00:00
VC00614,NSICT,2025-02-10 21:00:00,2025-02-11 06:00:00,2025-02-13 07:00:00
VC00615,BMCT,2025-10-24 21:00:00,2025-10-25 06:00:00,2025-10-27 16:00:00
VC00616,BMCT,2025-04-13 01:00:00,2025-04-12 21:00:00,2025-04-14 01:00:00
VC00617,NSFT,2025-01-23 06:00:00,2025-01-23 11:00:00,2025-01-25 07:00:00
VC00618,NSICT,2025-02-16 13:00:00,2025-02-16 21:00:00,2025-02-17 17:00:00
VC00619,NSIGT,2025-02-13 00:00:00,2025-02-12 20:00:00,2025-02-14 11:00:00
VC00620,BMCT,2025-05-06 00:00:00,2025-05-05 22:00:00,2025-05-08 05:00:00
VC00621,BMCT,2025-08-20 00:00:00,2025-08-20 00:00:00,2025-08-20 20:00:00
VC00622,NSFT,2025-09-26 14:00:00,2025-09-26 12:00:00,2025-09-27 22:00:00
VC00623,NSICT,2025-09-28 17:00:00,2025-09-29 00:00:00,2025-09-29 23:00:00
VC00624,NSIGT,2025-11-16 12:00:00,2025-11-16 09:00:00,2025-11-18 01:00:00
VC00625,BMCT,2025-09-20 04:00:00,2025-09-20 12:00:00,2025-09-22 17:00:00
VC00626,NSFT,2025-03-30 00:00:00,2025-03-30 01:00:00,2025-03-31 14:00:00
VC00627,GTI,2025-05-31 19:00:00,2025-05-31 23:00:00,2025-06-03 00:00:00
VC00628,GTI,2025-08-04 20:00:00,2025-08-04 21:00:00,2025-08-06 03:00:00
VC00629,NSICT,2025-03-01 00:00:00,2025-03-01 00:00:00,2025-03-03 05:00:00
VC00630,NSFT,2025-08-18 00:00:00,2025-08-18 08:00:00,2025-08-19 11:00:00
VC00631,NSIGT,2025-01-12 18:00:00,2025-01-12 18:00:00,2025-01-14 12:00:00
VC00632,NSICT,2025-03-16 23:00:00,2025-03-17 08:00:00,2025-03-18 16:00:00
VC00633,NSIGT,2025-10-11 19:00:00,2025-10-11 23:00:00,2025-10-13 17:00:00
VC00634,NSICT,2025-04-17 06:00:00,2025-04-17 07:00:00,2025-04-18 12:00:00
VC00635,NSICT,2025-11-22 21:00:00,2025-11-23 05:00:00,2025-11-24 21:00:00
VC00636,GTI,2025-10-07 19:00:00,2025-10-07 18:00:00,2025-10-08 23:00:00
VC00637,NSFT,2025-03-23 09:00:00,2025-03-23 09:00:00,2025-03-25 09:00:00
VC00638,NSFT,2025-11-03 21:00:00,2025-11-04 05:00:00,2025-11-05 08:00:00
VC00639,GTI,2025-10-16 16:00:00,2025-10-16 14:00:00,2025-10-17 21:00:00
VC00640,NSIGT,2025-11-24 15:00:00,2025-11-24 23:00:00,2025-11-25 17:00:00
VC00641,NSIGT,2025-05-15 04:00:00,2025-05-15 00:00:00,2025-05-16 14:00:00
VC00642,NSFT,2025-10-30 11:00:00,2025-10-30 07:00:00,2025-10-31 01:00:00
VC00643,NSFT,2025-04-14 18:00:00,2025-04-14 15:00:00,2025-04-16 04:00:00
VC00644,NSICT,2025-04-29 15:00:00,2025-04-29 19:00:00,2025-05-02 01:00:00
VC00645,GTI,2025-06-18 09:00:00,2025-06-18 16:00:00,2025-06-20 13:00:00
VC00646,NSIGT,2025-05-01 11:00:00,2025-05-01 18:00:00,2025-05-03 10:00:00
VC00647,NSIGT,2025-01-03 17:00:00,2025-01-03 21:00:00,2025-01-05 00:00:00
VC00648,NSICT,2025-08-28 09:00:00,2025-08-28 13:00:00,2025-08-30 19:00:00
VC00649,NSIGT,2025-05-28 13:00:00,2025-05-28 22:00:00,2025-05-29 17:00:00
VC00650,NSICT,2025-09-30 11:00:00,2025-09-30 20:00:00,2025-10-01 22:00:00
VC00651,NSFT,2025-03-08 12:00:00,2025-03-08 08:00:00,2025-03-09 05:00:00
VC00652,BMCT,2025-03-17 14:00:00,2025-03-17 17:00:00,2025-03-19 01:00:00
VC00653,NSFT,2025-08-26 11:00:00,2025-08-26 12:00:00,2025-08-27 13:00:00
VC00654,GTI,2025-08-21 19:00:00,2025-08-21 16:00:00,2025-08-22 16:00:00
VC00655,NSIGT,2025-06-17 12:00:00,2025-06-17 19:00:00,2025-06-20 01:00:00
VC00656,NSFT,2025-07-20 14:00:00,2025-07-20 17:00:00,2025-07-22 09:00:00
VC00657,NSFT,2025-10-17 14:00:00,2025-10-17 19:00:00,2025-10-19 19:00:00
VC00658,NSFT,2025-10-21 01:00:00,2025-10-21 04:00:00,2025-10-22 20:00:00
VC00659,NSFT,2025-10-26 21:00:00,2025-10-26 17:00:00,2025-10-28 18:00:00
VC00660,BMCT,2025-11-27 20:00:00,2025-11-28 04:00:00,2025-11-30 05:00:00
VC00661,BMCT,2025-04-16 14:00:00,2025-04-16 15:00:00,2025-04-18 03:00:00
VC00662,NSIGT,2025-09-23 15:00:00,2025-09-23 14:00:00,2025-09-25 19:00:00
VC00663,BMCT,2025-04-04 11:00:00,2025-04-04 15:00:00,2025-04-05 13:00:00
VC00664,NSIGT,2025-10-17 09:00:00,2025-10-17 09:00:00,2025-10-19 18:00:00
VC00665,GTI,2025-11-10 01:00:00,2025-11-10 06:00:00,2025-11-11 19:00:00
VC00666,NSIGT,2025-05-27 11:00:00,2025-05-27 14:00:00,2025-05-28 14:00:00
VC00667,NSFT,2025-06-17 23:00:00,2025-06-18 01:00:00,2025-06-20 07:00:00
VC00668,BMCT,2025-02-09 05:00:00,2025-02-09 02:00:00,2025-02-11 00:00:00
VC00669,NSIGT,2025-02-02 04:00:00,2025-02-02 02:00:00,2025-02-03 17:00:00
VC00670,GTI,2025-03-07 22:00:00,2025-03-08 06:00:00,2025-03-09 11:00:00
VC00671,NSICT,2025-01-16 07:00:00,2025-01-16 16:00:00,2025-01-18 12:00:00
VC00672,NSIGT,2025-05-14 06:00:00,2025-05-14 09:00:00,2025-05-16 12:00:00
VC00673,GTI,2025-11-27 03:00:00,2025-11-27 05:00:00,2025-11-28 14:00:00
VC00674,NSFT,2025-08-24 16:00:00,2025-08-24 14:00:00,2025-08-25 14:00:00
VC00675,NSFT,2025-07-13 01:00:00,2025-07-13 07:00:00,2025-07-14 07:00:00
VC00676,NSICT,2025-09-01 02:00:00,2025-09-01 07:00:00,2025-09-03 10:00:00
VC00677,BMCT,2025-01-19 03:00:00,2025-01-19 06:00:00,2025-01-21 02:00:00
VC00678,NSFT,2025-08-07 14:00:00,2025-08-07 13:00:00,2025-08-08 17:00:00
VC00679,NSFT,2025-06-20 10:00:00,2025-06-20 07:00:00,2025-06-21 21:00:00
VC00680,NSFT,2025-02-08 03:00:00,2025-02-08 12:00:00,2025-02-09 13:00:00
VC00681,NSICT,2025-06-18 00:00:00,2025-06-17 23:00:00,2025-06-19 07:00:00
VC00682,NSICT,2025-08-10 11:00:00,2025-08-10 16:00:00,2025-08-12 19:00:00
VC00683,NSICT,2025-05-26 03:00:00,2025-05-25 23:00:00,2025-05-27 03:00:00
VC00684,BMCT,2025-11-04 09:00:00,2025-11-04 14:00:00,2025-11-07 00:00:00
VC00685,GTI,2025-11-14 02:00:00,2025-11-14 00:00:00,2025-11-15 23:00:00
VC00686,NSICT,2025-05-01 10:00:00,2025-05-01 15:00:00,2025-05-02 11:00:00
VC00687,BMCT,2025-11-13 06:00:00,2025-11-13 04:00:00,2025-11-14 11:00:00
VC00688,GTI,2025-03-23 00:00:00,2025-03-23 02:00:00,2025-03-24 09:00:00
VC00689,NSFT,2025-02-11 15:00:00,2025-02-11 16:00:00,2025-02-13 10:00:00
VC00690,NSIGT,2025-08-05 06:00:00,2025-08-05 09:00:00,2025-08-07 20:00:00
VC00691,NSIGT,2025-02-20 13:00:00,2025-02-20 13:00:00,2025-02-21 17:00:00
VC00692,NSICT,2025-04-17 14:00:00,2025-04-17 14:00:00,2025-04-18 15:00:00
VC00693,NSIGT,2025-05-16 19:00:00,2025-05-16 20:00:00,2025-05-18 21:00:00
VC00694,NSICT,2025-08-18 02:00:00,2025-08-18 06:00:00,2025-08-20 02:00:00
VC00695,NSIGT,2025-10-06 00:00:00,2025-10-06 07:00:00,2025-10-07 16:00:00
VC00696,GTI,2025-10-25 15:00:00,2025-10-25 16:00:00,2025-10-27 15:00:00
VC00697,NSICT,2025-07-27 22:00:00,2025-07-27 18:00:00,2025-07-29 08:00:00
VC00698,NSFT,2025-11-18 05:00:00,2025-11-18 03:00:00,2025-11-20 10:00:00
VC00699,NSICT,2025-09-01 06:00:00,2025-09-01 03:00:00,2025-09-03 11:00:00
VC00700,GTI,2025-10-19 06:00:00,2025-10-19 10:00:00,2025-10-20 17:00:00
VC00701,NSICT,2025-07-12 00:00:00,2025-07-12 07:00:00,2025-07-14 07:00:00
VC00702,BMCT,2025-02-09 07:00:00,2025-02-09 05:00:00,2025-02-10 20:00:00
VC00703,NSFT,2025-03-12 00:00:00,2025-03-12 03:00:00,2025-03-14 03:00:00
VC00704,BMCT,2025-05-18 20:00:00,2025-05-18 22:00:00,2025-05-20 07:00:00
VC00705,NSFT,2025-09-30 14:00:00,2025-09-30 16:00:00,2025-10-02 00:00:00
VC00706,NSIGT,2025-05-19 04:00:00,2025-05-19 12:00:00,2025-05-20 06:00:00
VC00707,BMCT,2025-01-05 16:00:00,2025-01-05 15:00:00,2025-01-07 20:00:00
VC00708,NSIGT,2025-05-25 05:00:00,2025-05-25 09:00:00,2025-05-27 00:00:00
VC00709,NSFT,2025-08-21 19:00:00,2025-08-21 22:00:00,2025-08-23 08:00:00
VC00710,NSFT,2025-11-27 03:00:00,2025-11-27 11:00:00,2025-11-29 03:00:00
VC00711,NSFT,2025-03-06 18:00:00,2025-03-06 17:00:00,2025-03-09 04:00:00
VC00712,BMCT,2025-04-14 08:00:00,2025-04-14 17:00:00,2025-04-16 21:00:00
VC00713,NSIGT,2025-06-07 00:00:00,2025-06-07 08:00:00,2025-06-09 15:00:00
VC00714,GTI,2025-06-12 20:00:00,2025-06-12 22:00:00,2025-06-14 07:00:00
VC00715,BMCT,2025-11-22 01:00:00,2025-11-22 08:00:00,2025-11-24 05:00:00
VC00716,NSIGT,2025-05-13 23:00:00,2025-05-14 04:00:00,2025-05-15 19:00:00
VC00717,NSFT,2025-06-29 16:00:00,2025-06-29 16:00:00,2025-07-01 20:00:00
VC00718,NSFT,2025-03-25 19:00:00,2025-03-26 02:00:00,2025-03-28 02:00:00
VC00719,GTI,2025-01-19 23:00:00,2025-01-19 19:00:00,2025-01-21 11:00:00
VC00720,NSIGT,2025-05-11 20:00:00,2025-05-11 17:00:00,2025-05-13 07:00:00
VC00721,NSICT,2025-05-23 22:00:00,2025-05-24 06:00:00,2025-05-26 06:00:00
VC00722,NSICT,2025-02-27 13:00:00,2025-02-27 20:00:00,2025-03-01 11:00:00
VC00723,BMCT,2025-08-09 02:00:00,2025-08-09 02:00:00,2025-08-10 01:00:00
VC00724,GTI,2025-04-21 04:00:00,2025-04-21 13:00:00,2025-04-22 09:00:00
VC00725,NSICT,2025-01-19 21:00:00,2025-01-20 02:00:00,2025-01-22 13:00:00
VC00726,NSIGT,2025-06-28 09:00:00,2025-06-28 08:00:00,2025-06-29 12:00:00
VC00727,BMCT,2025-03-26 05:00:00,2025-03-26 13:00:00,2025-03-28 16:00:00
VC00728,GTI,2025-08-31 13:00:00,2025-08-31 22:00:00,2025-09-01 20:00:00
VC00729,GTI,2025-01-07 02:00:00,2025-01-07 09:00:00,2025-01-08 08:00:00
VC00730,BMCT,2025-09-14 05:00:00,2025-09-14 09:00:00,2025-09-15 04:00:00
VC00731,BMCT,2025-06-30 00:00:00,2025-06-30 08:00:00,2025-07-01 12:00:00
VC00732,NSIGT,2025-09-01 11:00:00,2025-09-01 18:00:00,2025-09-04 05:00:00
VC00733,NSICT,2025-05-08 03:00:00,2025-05-08 05:00:00,2025-05-09 23:00:00
VC00734,NSIGT,2025-10-22 00:00:00,2025-10-22 06:00:00,2025-10-23 00:00:00
VC00735,GTI,2025-06-17 21:00:00,2025-06-18 04:00:00,2025-06-20 06:00:00
VC00736,NSFT,2025-11-29 12:00:00,2025-11-29 08:00:00,2025-12-01 17:00:00
VC00737,NSIGT,2025-04-09 14:00:00,2025-04-09 16:00:00,2025-04-10 16:00:00
VC00738,NSICT,2025-10-13 11:00:00,2025-10-13 20:00:00,2025-10-15 13:00:00
VC00739,NSFT,2025-08-07 22:00:00,2025-08-07 21:00:00,2025-08-10 07:00:00
VC00740,NSICT,2025-11-05 11:00:00,2025-11-05 15:00:00,2025-11-06 22:00:00
VC00741,NSFT,2025-02-27 16:00:00,2025-02-27 18:00:00,2025-03-01 02:00:00
VC00742,NSICT,2025-06-21 03:00:00,2025-06-21 07:00:00,2025-06-23 03:00:00
VC00743,NSFT,2025-10-30 05:00:00,2025-10-30 05:00:00,2025-11-01 16:00:00
VC00744,BMCT,2025-03-23 12:00:00,2025-03-23 16:00:00,2025-03-26 00:00:00
VC00745,NSIGT,2025-11-17 00:00:00,2025-11-17 06:00:00,2025-11-19 07:00:00
VC00746,NSIGT,2025-11-19 10:00:00,2025-11-19 16:00:00,2025-11-20 21:00:00
VC00747,NSIGT,2025-06-14 07:00:00,2025-06-14 14:00:00,2025-06-16 04:00:00
VC00748,NSICT,2025-08-31 19:00:00,2025-08-31 18:00:00,2025-09-01 19:00:00
VC00749,NSICT,2025-06-05 03:00:00,2025-06-05 00:00:00,2025-06-06 09:00:00
VC00750,GTI,2025-08-08 02:00:00,2025-08-08 05:00:00,2025-08-10 15:00:00
VC00751,NSIGT,2025-10-14 12:00:00,2025-10-14 10:00:00,2025-10-15 08:00:00
VC00752,NSIGT,2025-09-04 22:00:00,2025-09-05 02:00:00,2025-09-06 01:00:00
VC00753,NSICT,2025-04-07 14:00:00,2025-04-07 15:00:00,2025-04-08 12:00:00
VC00754,GTI,2025-07-13 04:00:00,2025-07-13 10:00:00,2025-07-14 12:00:00
VC00755,BMCT,2025-09-25 16:00:00,2025-09-25 18:00:00,2025-09-27 14:00:00
VC00756,BMCT,2025-07-13 21:00:00,2025-07-14 00:00:00,2025-07-15 09:00:00
VC00757,BMCT,2025-04-06 18:00:00,2025-04-07 03:00:00,2025-04-09 05:00:00
VC00758,BMCT,2025-09-08 14:00:00,2025-09-08 18:00:00,2025-09-10 13:00:00
VC00759,NSIGT,2025-08-28 23:00:00,2025-08-29 08:00:00,2025-08-31 16:00:00
VC00760,GTI,2025-07-31 16:00:00,2025-07-31 15:00:00,2025-08-01 22:00:00
VC00761,NSFT,2025-04-22 08:00:00,2025-04-22 17:00:00,2025-04-24 02:00:00
VC00762,GTI,2025-07-07 13:00:00,2025-07-07 12:00:00,2025-07-08 07:00:00
VC00763,NSICT,2025-07-20 20:00:00,2025-07-21 02:00:00,2025-07-23 11:00:00
VC00764,NSICT,2025-03-13 06:00:00,2025-03-13 02:00:00,2025-03-15 07:00:00
VC00765,BMCT,2025-11-05 14:00:00,2025-11-05 19:00:00,2025-11-07 01:00:00
VC00766,NSIGT,2025-07-18 00:00:00,2025-07-18 08:00:00,2025-07-19 11:00:00
VC00767,NSFT,2025-01-19 02:00:00,2025-01-19 01:00:00,2025-01-21 10:00:00
VC00768,BMCT,2025-04-01 02:00:00,2025-04-01 00:00:00,2025-04-02 15:00:00
VC00769,NSICT,2025-09-27 02:00:00,2025-09-27 03:00:00,2025-09-29 11:00:00
VC00770,NSIGT,2025-08-20 02:00:00,2025-08-19 22:00:00,2025-08-21 05:00:00
VC00771,BMCT,2025-06-30 14:00:00,2025-06-30 10:00:00,2025-07-01 10:00:00
VC00772,NSIGT,2025-06-14 18:00:00,2025-06-14 19:00:00,2025-06-16 13:00:00
VC00773,NSIGT,2025-05-07 08:00:00,2025-05-07 15:00:00,2025-05-09 21:00:00
VC00774,NSFT,2025-11-11 02:00:00,2025-11-11 03:00:00,2025-11-12 01:00:00
VC00775,GTI,2025-04-27 18:00:00,2025-04-27 17:00:00,2025-04-29 16:00:00
VC00776,GTI,2025-10-05 01:00:00,2025-10-05 00:00:00,2025-10-05 19:00:00
VC00777,NSIGT,2025-01-24 03:00:00,2025-01-24 00:00:00,2025-01-25 23:00:00
VC00778,NSIGT,2025-06-27 21:00:00,2025-06-27 22:00:00,2025-06-30 04:00:00
VC00779,GTI,2025-03-28 03:00:00,2025-03-28 03:00:00,2025-03-30 08:00:00
VC00780,NSIGT,2025-05-21 18:00:00,2025-05-21 20:00:00,2025-05-23 15:00:00
VC00781,GTI,2025-07-27 17:00:00,2025-07-27 17:00:00,2025-07-29 09:00:00
VC00782,NSICT,2025-01-23 11:00:00,2025-01-23 15:00:00,2025-01-24 14:00:00
VC00783,NSIGT,2025-02-02 12:00:00,2025-02-02 18:00:00,2025-02-04 09:00:00
VC00784,GTI,2025-07-13 05:00:00,2025-07-13 01:00:00,2025-07-15 09:00:00
VC00785,GTI,2025-08-12 03:00:00,2025-08-11 23:00:00,2025-08-13 08:00:00
VC00786,NSIGT,2025-01-21 13:00:00,2025-01-21 12:00:00,2025-01-22 17:00:00
VC00787,GTI,2025-11-17 18:00:00,2025-11-17 17:00:00,2025-11-19 23:00:00
VC00788,NSICT,2025-05-26 22:00:00,2025-05-26 19:00:00,2025-05-28 11:00:00
VC00789,NSICT,2025-11-23 22:00:00,2025-11-24 06:00:00,2025-11-26 13:00:00
VC00790,NSICT,2025-02-15 10:00:00,2025-02-15 07:00:00,2025-02-16 02:00:00
VC00791,NSFT,2025-10-24 09:00:00,2025-10-24 16:00:00,2025-10-25 16:00:00
VC00792,NSFT,2025-08-03 20:00:00,2025-08-03 16:00:00,2025-08-05 14:00:00
VC00793,GTI,2025-09-26 20:00:00,2025-09-27 00:00:00,2025-09-29 02:00:00
VC00794,GTI,2025-09-27 08:00:00,2025-09-27 09:00:00,2025-09-29 19:00:00
VC00795,NSFT,2025-03-01 07:00:00,2025-03-01 10:00:00,2025-03-02 15:00:00
VC00796,NSICT,2025-02-26 00:00:00,2025-02-26 03:00:00,2025-02-27 07:00:00
VC00797,NSIGT,2025-11-20 09:00:00,2025-11-20 08:00:00,2025-11-21 09:00:00
VC00798,NSIGT,2025-05-25 05:00:00,2025-05-25 02:00:00,2025-05-27 03:00:00
VC00799,BMCT,2025-03-09 13:00:00,2025-03-09 21:00:00,2025-03-10 23:00:00
VC00800,NSIGT,2025-07-30 07:00:00,2025-07-30 13:00:00,2025-08-01 20:00:00
VC00801,NSICT,2025-10-17 16:00:00,2025-10-17 22:00:00,2025-10-19 16:00:00
VC00802,NSIGT,2025-04-02 05:00:00,2025-04-02 09:00:00,2025-04-04 07:00:00
VC00803,NSIGT,2025-10-20 14:00:00,2025-10-20 17:00:00,2025-10-21 22:00:00
VC00804,BMCT,2025-01-22 11:00:00,2025-01-22 18:00:00,2025-01-24 18:00:00
VC00805,NSFT,2025-07-27 07:00:00,2025-07-27 05:00:00,2025-07-28 09:00:00
VC00806,NSICT,2025-05-06 04:00:00,2025-05-06 08:00:00,2025-05-07 09:00:00
VC00807,BMCT,2025-06-23 18:00:00,2025-06-23 17:00:00,2025-06-24 15:00:00
VC00808,NSICT,2025-07-22 00:00:00,2025-07-22 05:00:00,2025-07-23 05:00:00
VC00809,NSFT,2025-03-08 19:00:00,2025-03-08 20:00:00,2025-03-10 03:00:00
VC00810,NSFT,2025-01-17 12:00:00,2025-01-17 13:00:00,2025-01-18 11:00:00
VC00811,NSIGT,2025-06-23 03:00:00,2025-06-23 03:00:00,2025-06-25 05:00:00
VC00812,NSICT,2025-11-14 19:00:00,2025-11-14 23:00:00,2025-11-16 07:00:00
VC00813,BMCT,2025-04-07 20:00:00,2025-04-07 16:00:00,2025-04-08 10:00:00
VC00814,BMCT,2025-07-06 12:00:00,2025-07-06 18:00:00,2025-07-09 01:00:00
VC00815,NSIGT,2025-02-11 23:00:00,2025-02-12 00:00:00,2025-02-13 14:00:00
VC00816,NSFT,2025-04-25 17:00:00,2025-04-26 02:00:00,2025-04-27 23:00:00
VC00817,NSICT,2025-02-12 17:00:00,2025-02-12 19:00:00,2025-02-14 14:00:00
VC00818,BMCT,2025-02-07 11:00:00,2025-02-07 08:00:00,2025-02-09 11:00:00
VC00819,NSIGT,2025-09-25 01:00:00,2025-09-25 01:00:00,2025-09-25 21:00:00
VC00820,BMCT,2025-10-29 05:00:00,2025-10-29 07:00:00,2025-10-30 16:00:00
VC00821,GTI,2025-11-04 11:00:00,2025-11-04 12:00:00,2025-11-05 18:00:00
VC00822,NSIGT,2025-09-01 04:00:00,2025-09-01 03:00:00,2025-09-02 20:00:00
VC00823,GTI,2025-02-17 06:00:00,2025-02-17 06:00:00,2025-02-19 14:00:00
VC00824,NSIGT,2025-11-05 12:00:00,2025-11-05 18:00:00,2025-11-06 12:00:00
VC00825,NSIGT,2025-01-05 10:00:00,2025-01-05 11:00:00,2025-01-07 22:00:00
VC00826,NSICT,2025-03-31 22:00:00,2025-03-31 20:00:00,2025-04-02 09:00:00
VC00827,BMCT,2025-03-29 21:00:00,2025-03-30 01:00:00,2025-04-01 06:00:00
VC00828,NSICT,2025-09-06 00:00:00,2025-09-06 06:00:00,2025-09-08 16:00:00
VC00829,BMCT,2025-02-14 19:00:00,2025-02-14 21:00:00,2025-02-15 22:00:00
VC00830,NSFT,2025-11-19 16:00:00,2025-11-19 22:00:00,2025-11-21 01:00:00
VC00831,GTI,2025-03-04 21:00:00,2025-03-04 19:00:00,2025-03-06 21:00:00
VC00832,NSICT,2025-10-15 08:00:00,2025-10-15 06:00:00,2025-10-16 17:00:00
VC00833,NSIGT,2025-07-14 10:00:00,2025-07-14 17:00:00,2025-07-16 05:00:00
VC00834,GTI,2025-03-25 08:00:00,2025-03-25 15:00:00,2025-03-26 22:00:00
VC00835,NSICT,2025-05-21 18:00:00,2025-05-21 21:00:00,2025-05-22 22:00:00
VC00836,BMCT,2025-02-08 06:00:00,2025-02-08 08:00:00,2025-02-10 13:00:00
VC00837,GTI,2025-05-24 01:00:00,2025-05-24 03:00:00,2025-05-25 17:00:00
VC00838,BMCT,2025-08-19 18:00:00,2025-08-19 17:00:00,2025-08-20 11:00:00
VC00839,NSICT,2025-03-10 12:00:00,2025-03-10 17:00:00,2025-03-13 01:00:00
VC00840,NSFT,2025-11-17 18:00:00,2025-11-17 19:00:00,2025-11-18 18:00:00
VC00841,BMCT,2025-08-10 12:00:00,2025-08-10 18:00:00,2025-08-13 00:00:00
VC00842,BMCT,2025-05-03 13:00:00,2025-05-03 15:00:00,2025-05-05 14:00:00
VC00843,GTI,2025-04-07 12:00:00,2025-04-07 19:00:00,2025-04-09 05:00:00
VC00844,NSFT,2025-09-16 16:00:00,2025-09-16 23:00:00,2025-09-18 09:00:00
VC00845,NSFT,2025-05-14 01:00:00,2025-05-14 08:00:00,2025-05-15 04:00:00
VC00846,GTI,2025-11-11 02:00:00,2025-11-11 01:00:00,2025-11-12 11:00:00
VC00847,GTI,2025-06-04 11:00:00,2025-06-04 16:00:00,2025-06-06 23:00:00
VC00848,GTI,2025-08-22 11:00:00,2025-08-22 17:00:00,2025-08-25 00:00:00
VC00849,NSFT,2025-10-29 11:00:00,2025-10-29 17:00:00,2025-11-01 04:00:00
VC00850,GTI,2025-11-13 18:00:00,2025-11-14 02:00:00,2025-11-16 00:00:00
VC00851,NSIGT,2025-03-24 02:00:00,2025-03-24 00:00:00,2025-03-25 15:00:00
VC00852,GTI,2025-05-25 08:00:00,2025-05-25 13:00:00,2025-05-27 16:00:00
VC00853,BMCT,2025-08-28 13:00:00,2025-08-28 18:00:00,2025-08-29 21:00:00
VC00854,BMCT,2025-05-17 20:00:00,2025-05-17 21:00:00,2025-05-20 04:00:00
VC00855,BMCT,2025-04-14 02:00:00,2025-04-14 01:00:00,2025-04-15 17:00:00
VC00856,NSFT,2025-07-26 13:00:00,2025-07-26 16:00:00,2025-07-28 04:00:00
VC00857,GTI,2025-10-26 03:00:00,2025-10-26 02:00:00,2025-10-28 01:00:00
VC00858,BMCT,2025-06-05 01:00:00,2025-06-05 05:00:00,2025-06-06 23:00:00
VC00859,BMCT,2025-05-12 08:00:00,2025-05-12 05:00:00,2025-05-13 19:00:00
VC00860,NSIGT,2025-09-11 22:00:00,2025-09-11 23:00:00,2025-09-14 06:00:00
VC00861,GTI,2025-06-18 09:00:00,2025-06-18 10:00:00,2025-06-19 18:00:00
VC00862,NSIGT,2025-04-14 08:00:00,2025-04-14 14:00:00,2025-04-16 19:00:00
VC00863,NSFT,2025-10-20 09:00:00,2025-10-20 05:00:00,2025-10-21 09:00:00
VC00864,NSIGT,2025-07-23 02:00:00,2025-07-23 03:00:00,2025-07-24 14:00:00
VC00865,BMCT,2025-08-13 06:00:00,2025-08-13 11:00:00,2025-08-14 17:00:00
VC00866,BMCT,2025-09-29 01:00:00,2025-09-29 03:00:00,2025-09-30 04:00:00
VC00867,BMCT,2025-02-01 10:00:00,2025-02-01 16:00:00,2025-02-02 12:00:00
VC00868,NSFT,2025-10-11 16:00:00,2025-10-12 00:00:00,2025-10-13 17:00:00
VC00869,NSIGT,2025-02-15 14:00:00,2025-02-15 20:00:00,2025-02-17 00:00:00
VC00870,GTI,2025-01-04 19:00:00,2025-01-04 19:00:00,2025-01-07 06:00:00
VC00871,NSFT,2025-11-27 05:00:00,2025-11-27 02:00:00,2025-11-29 12:00:00
VC00872,NSIGT,2025-04-03 18:00:00,2025-04-03 15:00:00,2025-04-04 22:00:00
VC00873,BMCT,2025-01-10 16:00:00,2025-01-10 20:00:00,2025-01-11 14:00:00
VC00874,NSFT,2025-08-23 01:00:00,2025-08-22 22:00:00,2025-08-24 23:00:00
VC00875,GTI,2025-04-11 06:00:00,2025-04-11 13:00:00,2025-04-13 13:00:00
VC00876,NSFT,2025-05-20 03:00:00,2025-05-20 07:00:00,2025-05-21 15:00:00
VC00877,BMCT,2025-11-16 15:00:00,2025-11-16 11:00:00,2025-11-18 14:00:00
VC00878,GTI,2025-07-10 00:00:00,2025-07-10 07:00:00,2025-07-11 05:00:00
VC00879,NSFT,2025-01-06 00:00:00,2025-01-05 22:00:00,2025-01-07 08:00:00
VC00880,GTI,2025-08-15 00:00:00,2025-08-15 09:00:00,2025-08-16 11:00:00
VC00881,BMCT,2025-02-23 19:00:00,2025-02-23 18:00:00,2025-02-25 13:00:00
VC00882,NSICT,2025-04-18 08:00:00,2025-04-18 11:00:00,2025-04-19 07:00:00
VC00883,NSICT,2025-03-13 02:00:00,2025-03-13 04:00:00,2025-03-14 07:00:00
VC00884,NSFT,2025-11-01 17:00:00,2025-11-01 17:00:00,2025-11-02 17:00:00
VC00885,NSFT,2025-01-29 19:00:00,2025-01-29 17:00:00,2025-01-31 15:00:00
VC00886,NSICT,2025-06-30 06:00:00,2025-06-30 02:00:00,2025-07-01 13:00:00
VC00887,NSIGT,2025-06-07 07:00:00,2025-06-07 10:00:00,2025-06-09 09:00:00
VC00888,BMCT,2025-07-03 23:00:00,2025-07-04 08:00:00,2025-07-05 07:00:00
VC00889,NSFT,2025-07-17 11:00:00,2025-07-17 11:00:00,2025-07-19 11:00:00
VC00890,GTI,2025-02-04 04:00:00,2025-02-04 04:00:00,2025-02-05 22:00:00
VC00891,BMCT,2025-04-17 02:00:00,2025-04-17 07:00:00,2025-04-18 21:00:00
VC00892,NSIGT,2025-07-08 23:00:00,2025-07-09 08:00:00,2025-07-10 18:00:00
VC00893,GTI,2025-02-06 05:00:00,2025-02-06 08:00:00,2025-02-08 18:00:00
VC00894,NSIGT,2025-09-28 00:00:00,2025-09-28 09:00:00,2025-09-30 05:00:00
VC00895,GTI,2025-09-28 07:00:00,2025-09-28 12:00:00,2025-09-30 18:00:00
VC00896,NSFT,2025-06-26 02:00:00,2025-06-26 09:00:00,2025-06-27 13:00:00
VC00897,BMCT,2025-09-26 03:00:00,2025-09-26 02:00:00,2025-09-27 20:00:00
VC00898,BMCT,2025-05-24 00:00:00,2025-05-24 03:00:00,2025-05-26 02:00:00
VC00899,NSIGT,2025-07-07 08:00:00,2025-07-07 13:00:00,2025-07-09 11:00:00
VC00900,NSFT,2025-06-05 06:00:00,2025-06-05 07:00:00,2025-06-06 19:00:00
VC00901,BMCT,2025-02-15 21:00:00,2025-02-16 03:00:00,2025-02-17 08:00:00
VC00902,NSIGT,2025-02-28 13:00:00,2025-02-28 14:00:00,2025-03-01 21:00:00
VC00903,GTI,2025-06-30 15:00:00,2025-06-30 21:00:00,2025-07-03 06:00:00
VC00904,NSFT,2025-01-26 22:00:00,2025-01-27 00:00:00,2025-01-28 04:00:00
VC00905,NSIGT,2025-07-29 20:00:00,2025-07-29 16:00:00,2025-07-31 13:00:00
VC00906,NSICT,2025-04-18 05:00:00,2025-04-18 02:00:00,2025-04-20 00:00:00
VC00907,GTI,2025-05-23 18:00:00,2025-05-24 03:00:00,2025-05-26 10:00:00
VC00908,GTI,2025-10-27 03:00:00,2025-10-27 07:00:00,2025-10-28 18:00:00
VC00909,GTI,2025-10-15 22:00:00,2025-10-16 02:00:00,2025-10-17 08:00:00
VC00910,BMCT,2025-06-06 10:00:00,2025-06-06 16:00:00,2025-06-07 13:00:00
VC00911,BMCT,2025-05-11 00:00:00,2025-05-10 23:00:00,2025-05-13 10:00:00
VC00912,NSFT,2025-09-28 23:00:00,2025-09-29 00:00:00,2025-09-30 12:00:00
VC00913,BMCT,2025-06-20 07:00:00,2025-06-20 09:00:00,2025-06-21 07:00:00
VC00914,NSICT,2025-09-03 15:00:00,2025-09-03 20:00:00,2025-09-04 16:00:00
VC00915,NSICT,2025-02-08 01:00:00,2025-02-08 04:00:00,2025-02-09 20:00:00
VC00916,NSFT,2025-08-26 04:00:00,2025-08-26 03:00:00,2025-08-27 16:00:00
VC00917,GTI,2025-07-07 20:00:00,2025-07-07 23:00:00,2025-07-08 21:00:00
VC00918,NSIGT,2025-03-12 11:00:00,2025-03-12 12:00:00,2025-03-14 19:00:00
VC00919,NSICT,2025-09-13 11:00:00,2025-09-13 10:00:00,2025-09-14 11:00:00
VC00920,BMCT,2025-06-28 21:00:00,2025-06-28 19:00:00,2025-06-30 04:00:00
VC00921,BMCT,2025-09-01 18:00:00,2025-09-01 17:00:00,2025-09-03 19:00:00
VC00922,NSFT,2025-10-04 02:00:00,2025-10-04 05:00:00,2025-10-05 17:00:00
VC00923,GTI,2025-03-27 15:00:00,2025-03-27 16:00:00,2025-03-28 12:00:00
VC00924,NSIGT,2025-09-28 00:00:00,2025-09-28 01:00:00,2025-09-29 23:00:00
VC00925,BMCT,2025-11-27 14:00:00,2025-11-27 20:00:00,2025-11-29 06:00:00
VC00926,NSFT,2025-06-22 08:00:00,2025-06-22 13:00:00,2025-06-24 13:00:00
VC00927,NSICT,2025-08-28 23:00:00,2025-08-29 01:00:00,2025-08-30 03:00:00
VC00928,NSFT,2025-09-15 03:00:00,2025-09-15 07:00:00,2025-09-17 02:00:00
VC00929,NSIGT,2025-05-22 06:00:00,2025-05-22 02:00:00,2025-05-24 07:00:00
VC00930,NSIGT,2025-09-26 09:00:00,2025-09-26 10:00:00,2025-09-27 13:00:00
VC00931,NSICT,2025-05-19 07:00:00,2025-05-19 09:00:00,2025-05-20 06:00:00
VC00932,NSICT,2025-10-23 00:00:00,2025-10-23 00:00:00,2025-10-24 14:00:00
VC00933,NSIGT,2025-09-17 18:00:00,2025-09-17 16:00:00,2025-09-19 00:00:00
VC00934,NSFT,2025-06-29 12:00:00,2025-06-29 18:00:00,2025-07-01 14:00:00
VC00935,GTI,2025-02-28 13:00:00,2025-02-28 09:00:00,2025-03-02 14:00:00
VC00936,NSIGT,2025-10-03 20:00:00,2025-10-04 05:00:00,2025-10-06 13:00:00
VC00937,BMCT,2025-08-02 05:00:00,2025-08-02 14:00:00,2025-08-04 12:00:00
VC00938,GTI,2025-07-10 10:00:00,2025-07-10 14:00:00,2025-07-12 23:00:00
VC00939,GTI,2025-08-28 14:00:00,2025-08-28 14:00:00,2025-08-30 13:00:00
VC00940,NSIGT,2025-11-28 09:00:00,2025-11-28 09:00:00,2025-11-30 18:00:00
VC00941,NSFT,2025-06-22 02:00:00,2025-06-22 05:00:00,2025-06-24 16:00:00
VC00942,GTI,2025-05-09 15:00:00,2025-05-09 20:00:00,2025-05-10 21:00:00
VC00943,NSICT,2025-10-19 01:00:00,2025-10-19 02:00:00,2025-10-19 20:00:00
VC00944,NSIGT,2025-08-05 10:00:00,2025-08-05 12:00:00,2025-08-06 06:00:00
VC00945,NSIGT,2025-06-06 05:00:00,2025-06-06 01:00:00,2025-06-07 22:00:00
VC00946,NSICT,2025-03-02 14:00:00,2025-03-02 22:00:00,2025-03-04 07:00:00
VC00947,BMCT,2025-06-04 23:00:00,2025-06-05 07:00:00,2025-06-07 08:00:00
VC00948,BMCT,2025-11-09 03:00:00,2025-11-09 02:00:00,2025-11-11 08:00:00
VC00949,BMCT,2025-04-05 21:00:00,2025-04-06 06:00:00,2025-04-08 07:00:00
VC00950,NSIGT,2025-11-16 17:00:00,2025-11-17 00:00:00,2025-11-18 10:00:00
VC00951,GTI,2025-11-03 10:00:00,2025-11-03 08:00:00,2025-11-05 07:00:00
VC00952,GTI,2025-10-10 00:00:00,2025-10-09 22:00:00,2025-10-11 21:00:00
VC00953,GTI,2025-04-16 10:00:00,2025-04-16 11:00:00,2025-04-17 08:00:00
VC00954,NSICT,2025-09-22 20:00:00,2025-09-23 01:00:00,2025-09-23 20:00:00
VC00955,BMCT,2025-08-20 18:00:00,2025-08-20 19:00:00,2025-08-21 16:00:00
VC00956,NSICT,2025-10-27 05:00:00,2025-10-27 11:00:00,2025-10-29 03:00:00
VC00957,BMCT,2025-05-17 10:00:00,2025-05-17 08:00:00,2025-05-19 10:00:00
VC00958,NSFT,2025-07-26 06:00:00,2025-07-26 14:00:00,2025-07-28 18:00:00
VC00959,NSFT,2025-11-08 19:00:00,2025-11-09 00:00:00,2025-11-10 19:00:00
VC00960,NSICT,2025-11-01 12:00:00,2025-11-01 11:00:00,2025-11-03 20:00:00
VC00961,NSICT,2025-11-12 23:00:00,2025-11-13 05:00:00,2025-11-14 10:00:00
VC00962,GTI,2025-02-03 20:00:00,2025-02-03 21:00:00,2025-02-05 01:00:00
VC00963,NSICT,2025-01-11 00:00:00,2025-01-11 06:00:00,2025-01-12 00:00:00
VC00964,NSICT,2025-02-01 12:00:00,2025-02-01 17:00:00,2025-02-02 16:00:00
VC00965,BMCT,2025-11-28 12:00:00,2025-11-28 17:00:00,2025-11-30 09:00:00
VC00966,BMCT,2025-05-19 19:00:00,2025-05-19 16:00:00,2025-05-21 18:00:00
VC00967,NSIGT,2025-07-21 15:00:00,2025-07-21 11:00:00,2025-07-22 08:00:00
VC00968,BMCT,2025-05-19 21:00:00,2025-05-20 02:00:00,2025-05-22 06:00:00
VC00969,NSICT,2025-01-25 14:00:00,2025-01-25 13:00:00,2025-01-27 14:00:00
VC00970,NSICT,2025-10-31 18:00:00,2025-10-31 14:00:00,2025-11-01 13:00:00
VC00971,BMCT,2025-06-15 16:00:00,2025-06-15 19:00:00,2025-06-17 03:00:00
VC00972,NSIGT,2025-04-12 14:00:00,2025-04-12 23:00:00,2025-04-14 19:00:00
VC00973,NSICT,2025-01-17 11:00:00,2025-01-17 16:00:00,2025-01-19 19:00:00
VC00974,NSICT,2025-02-08 18:00:00,2025-02-08 18:00:00,2025-02-10 22:00:00
VC00975,BMCT,2025-07-02 23:00:00,2025-07-03 00:00:00,2025-07-03 22:00:00
VC00976,GTI,2025-09-14 02:00:00,2025-09-14 07:00:00,2025-09-15 03:00:00
VC00977,NSIGT,2025-03-03 19:00:00,2025-03-03 21:00:00,2025-03-05 11:00:00
VC00978,NSICT,2025-06-26 19:00:00,2025-06-26 22:00:00,2025-06-28 01:00:00
VC00979,NSIGT,2025-05-03 15:00:00,2025-05-03 22:00:00,2025-05-04 20:00:00
VC00980,NSIGT,2025-08-06 19:00:00,2025-08-06 15:00:00,2025-08-08 03:00:00
VC00981,NSICT,2025-04-12 13:00:00,2025-04-12 09:00:00,2025-04-14 11:00:00
VC00982,NSICT,2025-10-22 18:00:00,2025-10-23 02:00:00,2025-10-24 18:00:00
VC00983,NSICT,2025-07-20 17:00:00,2025-07-20 16:00:00,2025-07-22 09:00:00
VC00984,NSICT,2025-02-28 14:00:00,2025-02-28 21:00:00,2025-03-02 16:00:00
VC00985,NSIGT,2025-10-02 02:00:00,2025-10-02 02:00:00,2025-10-03 05:00:00
VC00986,NSICT,2025-08-03 20:00:00,2025-08-04 03:00:00,2025-08-06 00:00:00
VC00987,BMCT,2025-11-09 04:00:00,2025-11-09 13:00:00,2025-11-11 23:00:00
VC00988,NSIGT,2025-11-04 13:00:00,2025-11-04 21:00:00,2025-11-05 18:00:00
VC00989,GTI,2025-04-20 14:00:00,2025-04-20 13:00:00,2025-04-22 11:00:00
VC00990,NSFT,2025-08-19 19:00:00,2025-08-19 22:00:00,2025-08-21 09:00:00
VC00991,NSFT,2025-07-09 21:00:00,2025-07-09 17:00:00,2025-07-11 01:00:00
VC00992,NSICT,2025-05-25 17:00:00,2025-05-25 16:00:00,2025-05-26 16:00:00
VC00993,NSIGT,2025-01-02 23:00:00,2025-01-03 00:00:00,2025-01-05 05:00:00
VC00994,NSICT,2025-09-29 05:00:00,2025-09-29 01:00:00,2025-09-30 13:00:00
VC00995,NSICT,2025-05-05 01:00:00,2025-05-05 06:00:00,2025-05-06 15:00:00
VC00996,BMCT,2025-01-23 20:00:00,2025-01-23 18:00:00,2025-01-26 04:00:00
VC00997,BMCT,2025-11-17 05:00:00,2025-11-17 03:00:00,2025-11-19 12:00:00
VC00998,NSFT,2025-05-14 11:00:00,2025-05-14 16:00:00,2025-05-15 14:00:00
VC00999,NSFT,2025-02-09 14:00:00,2025-02-09 21:00:00,2025-02-11 03:00:00
VC01000,NSIGT,2025-05-26 13:00:00,2025-05-26 22:00:00,2025-05-28 04:00:00
VC01001,BMCT,2025-10-17 22:00:00,2025-10-17 20:00:00,2025-10-20 07:00:00
VC01002,NSICT,2025-09-07 18:00:00,2025-09-08 00:00:00,2025-09-08 19:00:00
VC01003,NSIGT,2025-08-06 12:00:00,2025-08-06 17:00:00,2025-08-07 13:00:00
VC01004,BMCT,2025-04-10 02:00:00,2025-04-10 09:00:00,2025-04-12 14:00:00
VC01005,NSIGT,2025-04-08 23:00:00,2025-04-08 21:00:00,2025-04-10 21:00:00
VC01006,NSFT,2025-03-29 11:00:00,2025-03-29 13:00:00,2025-03-31 00:00:00
VC01007,BMCT,2025-09-17 09:00:00,2025-09-17 17:00:00,2025-09-18 23:00:00
VC01008,NSIGT,2025-09-26 08:00:00,2025-09-26 12:00:00,2025-09-27 06:00:00
VC01009,GTI,2025-04-07 10:00:00,2025-04-07 08:00:00,2025-04-08 19:00:00
VC01010,GTI,2025-04-11 09:00:00,2025-04-11 05:00:00,2025-04-12 22:00:00
VC01011,BMCT,2025-10-26 06:00:00,2025-10-26 12:00:00,2025-10-28 08:00:00
VC01012,NSIGT,2025-11-21 21:00:00,2025-11-21 17:00:00,2025-11-23 01:00:00
VC01013,NSICT,2025-01-28 14:00:00,2025-01-28 21:00:00,2025-01-29 16:00:00
VC01014,GTI,2025-03-27 09:00:00,2025-03-27 14:00:00,2025-03-28 18:00:00
VC01015,BMCT,2025-02-09 15:00:00,2025-02-09 14:00:00,2025-02-10 17:00:00
VC01016,NSICT,2025-04-30 10:00:00,2025-04-30 08:00:00,2025-05-02 18:00:00
VC01017,NSICT,2025-09-08 00:00:00,2025-09-07 21:00:00,2025-09-08 19:00:00
VC01018,BMCT,2025-07-15 13:00:00,2025-07-15 13:00:00,2025-07-17 17:00:00
VC01019,NSICT,2025-05-30 17:00:00,2025-05-30 21:00:00,2025-06-01 22:00:00
VC01020,BMCT,2025-03-11 05:00:00,2025-03-11 05:00:00,2025-03-12 18:00:00
VC01021,GTI,2025-02-19 03:00:00,2025-02-19 05:00:00,2025-02-20 08:00:00
VC01022,NSIGT,2025-09-11 11:00:00,2025-09-11 15:00:00,2025-09-12 13:00:00
VC01023,GTI,2025-06-21 03:00:00,2025-06-21 05:00:00,2025-06-22 19:00:00
VC01024,BMCT,2025-01-07 20:00:00,2025-01-07 19:00:00,2025-01-09 21:00:00
VC01025,NSFT,2025-04-09 23:00:00,2025-04-10 05:00:00,2025-04-11 12:00:00
VC01026,NSFT,2025-08-15 07:00:00,2025-08-15 13:00:00,2025-08-17 15:00:00
VC01027,GTI,2025-07-03 02:00:00,2025-07-03 04:00:00,2025-07-04 07:00:00
VC01028,BMCT,2025-09-01 00:00:00,2025-08-31 22:00:00,2025-09-02 04:00:00
VC01029,NSIGT,2025-09-05 21:00:00,2025-09-05 23:00:00,2025-09-08 08:00:00
VC01030,BMCT,2025-02-07 02:00:00,2025-02-07 03:00:00,2025-02-08 21:00:00
VC01031,BMCT,2025-10-13 14:00:00,2025-10-13 16:00:00,2025-10-15 07:00:00
VC01032,NSICT,2025-07-19 03:00:00,2025-07-19 00:00:00,2025-07-20 17:00:00
VC01033,NSFT,2025-01-20 16:00:00,2025-01-20 18:00:00,2025-01-22 15:00:00
VC01034,NSFT,2025-11-15 20:00:00,2025-11-15 16:00:00,2025-11-17 09:00:00
VC01035,GTI,2025-07-17 10:00:00,2025-07-17 11:00:00,2025-07-19 10:00:00
VC01036,BMCT,2025-03-21 10:00:00,2025-03-21 15:00:00,2025-03-22 18:00:00
VC01037,NSICT,2025-11-24 21:00:00,2025-11-24 19:00:00,2025-11-26 23:00:00
VC01038,NSICT,2025-01-12 05:00:00,2025-01-12 02:00:00,2025-01-12 20:00:00
VC01039,GTI,2025-06-03 06:00:00,2025-06-03 06:00:00,2025-06-04 11:00:00
VC01040,NSICT,2025-01-14 07:00:00,2025-01-14 15:00:00,2025-01-15 22:00:00
VC01041,NSICT,2025-09-14 12:00:00,2025-09-14 11:00:00,2025-09-15 08:00:00
VC01042,NSICT,2025-09-16 04:00:00,2025-09-16 13:00:00,2025-09-18 17:00:00
VC01043,GTI,2025-02-02 10:00:00,2025-02-02 09:00:00,2025-02-03 22:00:00
VC01044,NSIGT,2025-04-08 05:00:00,2025-04-08 01:00:00,2025-04-10 01:00:00
VC01045,NSICT,2025-10-19 04:00:00,2025-10-19 10:00:00,2025-10-20 11:00:00
VC01046,NSICT,2025-03-29 08:00:00,2025-03-29 05:00:00,2025-03-31 16:00:00
VC01047,BMCT,2025-07-14 00:00:00,2025-07-13 21:00:00,2025-07-14 15:00:00
VC01048,NSFT,2025-07-01 09:00:00,2025-07-01 12:00:00,2025-07-03 08:00:00
VC01049,BMCT,2025-10-24 02:00:00,2025-10-24 00:00:00,2025-10-26 08:00:00
VC01050,NSIGT,2025-09-06 07:00:00,2025-09-06 11:00:00,2025-09-08 17:00:00
VC01051,GTI,2025-09-20 08:00:00,2025-09-20 11:00:00,2025-09-22 07:00:00
VC01052,NSFT,2025-01-30 22:00:00,2025-01-31 03:00:00,2025-02-02 14:00:00
VC01053,NSICT,2025-10-17 17:00:00,2025-10-17 17:00:00,2025-10-19 04:00:00
VC01054,NSFT,2025-06-01 03:00:00,2025-06-01 02:00:00,2025-06-02 10:00:00
VC01055,NSIGT,2025-01-20 02:00:00,2025-01-20 01:00:00,2025-01-21 00:00:00
VC01056,NSICT,2025-02-01 21:00:00,2025-02-02 03:00:00,2025-02-04 02:00:00
VC01057,NSICT,2025-08-27 12:00:00,2025-08-27 13:00:00,2025-08-29 14:00:00
VC01058,NSIGT,2025-10-24 06:00:00,2025-10-24 13:00:00,2025-10-25 09:00:00
VC01059,NSICT,2025-03-07 15:00:00,2025-03-07 18:00:00,2025-03-09 10:00:00
VC01060,NSICT,2025-04-08 22:00:00,2025-04-09 05:00:00,2025-04-11 01:00:00
VC01061,NSICT,2025-03-30 14:00:00,2025-03-30 19:00:00,2025-03-31 20:00:00
VC01062,NSICT,2025-10-25 03:00:00,2025-10-25 08:00:00,2025-10-26 23:00:00
VC01063,NSFT,2025-04-19 06:00:00,2025-04-19 15:00:00,2025-04-22 02:00:00
VC01064,GTI,2025-08-05 18:00:00,2025-08-05 20:00:00,2025-08-07 23:00:00
VC01065,BMCT,2025-07-17 02:00:00,2025-07-17 09:00:00,2025-07-19 18:00:00
VC01066,NSIGT,2025-05-17 14:00:00,2025-05-17 21:00:00,2025-05-19 13:00:00
VC01067,GTI,2025-07-29 06:00:00,2025-07-29 08:00:00,2025-07-31 16:00:00
VC01068,NSICT,2025-03-10 17:00:00,2025-03-10 22:00:00,2025-03-13 08:00:00
VC01069,GTI,2025-11-07 11:00:00,2025-11-07 13:00:00,2025-11-09 17:00:00
VC01070,NSIGT,2025-11-02 06:00:00,2025-11-02 11:00:00,2025-11-03 23:00:00
VC01071,NSFT,2025-01-05 05:00:00,2025-01-05 06:00:00,2025-01-06 22:00:00
VC01072,NSFT,2025-06-10 21:00:00,2025-06-10 23:00:00,2025-06-12 12:00:00
VC01073,NSFT,2025-03-06 11:00:00,2025-03-06 10:00:00,2025-03-07 16:00:00
VC01074,NSFT,2025-05-30 13:00:00,2025-05-30 17:00:00,2025-06-01 10:00:00
VC01075,NSICT,2025-05-01 16:00:00,2025-05-02 01:00:00,2025-05-03 22:00:00
VC01076,GTI,2025-10-19 13:00:00,2025-10-19 13:00:00,2025-10-21 18:00:00
VC01077,GTI,2025-09-30 16:00:00,2025-09-30 12:00:00,2025-10-01 12:00:00
VC01078,NSICT,2025-04-06 19:00:00,2025-04-07 00:00:00,2025-04-08 15:00:00
VC01079,BMCT,2025-07-03 07:00:00,2025-07-03 05:00:00,2025-07-05 00:00:00
VC01080,GTI,2025-05-11 15:00:00,2025-05-11 20:00:00,2025-05-13 15:00:00
VC01081,NSIGT,2025-06-20 15:00:00,2025-06-20 20:00:00,2025-06-21 16:00:00
VC01082,NSICT,2025-10-29 09:00:00,2025-10-29 18:00:00,2025-10-31 18:00:00
VC01083,GTI,2025-09-11 09:00:00,2025-09-11 13:00:00,2025-09-12 07:00:00
VC01084,BMCT,2025-01-18 11:00:00,2025-01-18 08:00:00,2025-01-20 04:00:00
VC01085,GTI,2025-08-07 08:00:00,2025-08-07 07:00:00,2025-08-09 07:00:00
VC01086,NSIGT,2025-09-15 00:00:00,2025-09-14 23:00:00,2025-09-16 05:00:00
VC01087,GTI,2025-04-07 14:00:00,2025-04-07 23:00:00,2025-04-09 07:00:00
VC01088,NSICT,2025-09-04 17:00:00,2025-09-05 01:00:00,2025-09-06 06:00:00
VC01089,GTI,2025-01-30 00:00:00,2025-01-30 01:00:00,2025-02-01 00:00:00
VC01090,NSFT,2025-02-01 04:00:00,2025-02-01 12:00:00,2025-02-02 14:00:00
VC01091,NSICT,2025-06-04 02:00:00,2025-06-04 06:00:00,2025-06-06 08:00:00
VC01092,NSICT,2025-05-18 16:00:00,2025-05-18 16:00:00,2025-05-19 22:00:00
VC01093,NSICT,2025-10-21 09:00:00,2025-10-21 06:00:00,2025-10-23 11:00:00
VC01094,NSIGT,2025-10-03 03:00:00,2025-10-03 11:00:00,2025-10-05 21:00:00
VC01095,BMCT,2025-07-19 09:00:00,2025-07-19 17:00:00,2025-07-21 12:00:00
VC01096,NSFT,2025-07-01 03:00:00,2025-07-01 09:00:00,2025-07-02 03:00:00
VC01097,BMCT,2025-01-18 18:00:00,2025-01-18 15:00:00,2025-01-20 20:00:00
VC01098,NSFT,2025-03-05 03:00:00,2025-03-05 06:00:00,2025-03-07 07:00:00
VC01099,NSFT,2025-05-27 16:00:00,2025-05-27 17:00:00,2025-05-29 14:00:00
VC01100,NSICT,2025-05-22 15:00:00,2025-05-22 20:00:00,2025-05-25 03:00:00
VC01101,BMCT,2025-05-09 04:00:00,2025-05-09 12:00:00,2025-05-11 20:00:00
VC01102,NSICT,2025-06-16 16:00:00,2025-06-16 19:00:00,2025-06-18 07:00:00
VC01103,GTI,2025-07-14 03:00:00,2025-07-14 12:00:00,2025-07-16 19:00:00
VC01104,BMCT,2025-05-11 02:00:00,2025-05-11 00:00:00,2025-05-12 15:00:00
VC01105,NSFT,2025-07-15 17:00:00,2025-07-16 01:00:00,2025-07-16 20:00:00
VC01106,NSIGT,2025-02-05 19:00:00,2025-02-06 03:00:00,2025-02-07 18:00:00
VC01107,NSFT,2025-11-14 02:00:00,2025-11-14 09:00:00,2025-11-15 14:00:00
VC01108,NSICT,2025-06-22 18:00:00,2025-06-23 03:00:00,2025-06-25 03:00:00
VC01109,NSFT,2025-04-23 16:00:00,2025-04-23 15:00:00,2025-04-25 01:00:00
VC01110,NSIGT,2025-05-28 21:00:00,2025-05-28 19:00:00,2025-05-30 19:00:00
VC01111,NSICT,2025-05-17 00:00:00,2025-05-16 20:00:00,2025-05-18 00:00:00
VC01112,NSIGT,2025-04-06 07:00:00,2025-04-06 13:00:00,2025-04-08 18:00:00
VC01113,NSIGT,2025-07-24 12:00:00,2025-07-24 14:00:00,2025-07-25 15:00:00
VC01114,NSICT,2025-10-23 18:00:00,2025-10-23 18:00:00,2025-10-24 20:00:00
VC01115,NSFT,2025-10-23 11:00:00,2025-10-23 07:00:00,2025-10-25 13:00:00
VC01116,NSFT,2025-02-25 14:00:00,2025-02-25 13:00:00,2025-02-27 13:00:00
VC01117,NSFT,2025-08-24 09:00:00,2025-08-24 18:00:00,2025-08-25 13:00:00
VC01118,BMCT,2025-09-09 09:00:00,2025-09-09 05:00:00,2025-09-10 17:00:00
VC01119,NSFT,2025-06-06 23:00:00,2025-06-06 19:00:00,2025-06-07 20:00:00
VC01120,NSIGT,2025-08-18 09:00:00,2025-08-18 08:00:00,2025-08-20 15:00:00
VC01121,BMCT,2025-09-29 12:00:00,2025-09-29 12:00:00,2025-10-01 13:00:00
VC01122,NSIGT,2025-02-04 21:00:00,2025-02-04 19:00:00,2025-02-06 21:00:00
VC01123,NSFT,2025-06-11 18:00:00,2025-06-11 16:00:00,2025-06-12 19:00:00
VC01124,NSFT,2025-01-11 12:00:00,2025-01-11 15:00:00,2025-01-13 15:00:00
VC01125,BMCT,2025-11-18 04:00:00,2025-11-18 00:00:00,2025-11-19 04:00:00
VC01126,NSFT,2025-06-26 01:00:00,2025-06-26 10:00:00,2025-06-28 05:00:00
VC01127,NSFT,2025-04-05 03:00:00,2025-04-05 05:00:00,2025-04-07 15:00:00
VC01128,NSFT,2025-01-22 06:00:00,2025-01-22 07:00:00,2025-01-24 10:00:00
VC01129,NSICT,2025-02-12 11:00:00,2025-02-12 08:00:00,2025-02-14 10:00:00
VC01130,GTI,2025-04-04 21:00:00,2025-04-04 19:00:00,2025-04-05 19:00:00
VC01131,GTI,2025-10-04 19:00:00,2025-10-05 03:00:00,2025-10-06 15:00:00
VC01132,BMCT,2025-11-24 07:00:00,2025-11-24 07:00:00,2025-11-26 01:00:00
VC01133,NSFT,2025-04-10 02:00:00,2025-04-10 07:00:00,2025-04-11 06:00:00
VC01134,BMCT,2025-04-24 07:00:00,2025-04-24 05:00:00,2025-04-26 01:00:00
VC01135,GTI,2025-10-10 11:00:00,2025-10-10 12:00:00,2025-10-11 17:00:00
VC01136,NSFT,2025-02-03 14:00:00,2025-02-03 14:00:00,2025-02-06 01:00:00
VC01137,BMCT,2025-07-23 03:00:00,2025-07-23 10:00:00,2025-07-25 21:00:00
VC01138,NSIGT,2025-07-19 22:00:00,2025-07-19 23:00:00,2025-07-21 14:00:00
VC01139,BMCT,2025-06-19 15:00:00,2025-06-19 22:00:00,2025-06-22 01:00:00
VC01140,BMCT,2025-10-06 10:00:00,2025-10-06 18:00:00,2025-10-09 04:00:00
VC01141,NSIGT,2025-01-30 00:00:00,2025-01-30 00:00:00,2025-01-30 20:00:00
VC01142,GTI,2025-04-05 21:00:00,2025-04-05 19:00:00,2025-04-06 21:00:00
VC01143,NSFT,2025-09-20 02:00:00,2025-09-20 09:00:00,2025-09-22 08:00:00
VC01144,GTI,2025-04-11 17:00:00,2025-04-12 01:00:00,2025-04-13 03:00:00
VC01145,NSIGT,2025-01-22 23:00:00,2025-01-23 08:00:00,2025-01-24 17:00:00
VC01146,NSICT,2025-06-02 10:00:00,2025-06-02 07:00:00,2025-06-04 14:00:00
VC01147,NSIGT,2025-11-18 17:00:00,2025-11-18 21:00:00,2025-11-20 21:00:00
VC01148,BMCT,2025-09-21 10:00:00,2025-09-21 07:00:00,2025-09-22 19:00:00
VC01149,GTI,2025-10-20 07:00:00,2025-10-20 07:00:00,2025-10-21 13:00:00
VC01150,NSICT,2025-04-06 00:00:00,2025-04-06 01:00:00,2025-04-07 12:00:00
VC01151,NSFT,2025-04-11 23:00:00,2025-04-12 07:00:00,2025-04-13 06:00:00
VC01152,NSFT,2025-02-21 12:00:00,2025-02-21 18:00:00,2025-02-23 23:00:00
VC01153,GTI,2025-02-12 14:00:00,2025-02-12 23:00:00,2025-02-13 17:00:00
VC01154,NSIGT,2025-04-03 19:00:00,2025-04-04 02:00:00,2025-04-05 01:00:00
VC01155,GTI,2025-10-23 05:00:00,2025-10-23 05:00:00,2025-10-24 11:00:00
VC01156,NSICT,2025-08-14 04:00:00,2025-08-14 12:00:00,2025-08-15 22:00:00
VC01157,GTI,2025-06-09 22:00:00,2025-06-09 19:00:00,2025-06-12 01:00:00
VC01158,NSIGT,2025-06-07 00:00:00,2025-06-06 22:00:00,2025-06-08 23:00:00
VC01159,NSICT,2025-02-11 14:00:00,2025-02-11 22:00:00,2025-02-14 05:00:00
VC01160,NSFT,2025-06-13 09:00:00,2025-06-13 05:00:00,2025-06-15 03:00:00
VC01161,NSIGT,2025-06-16 04:00:00,2025-06-16 09:00:00,2025-06-18 07:00:00
VC01162,NSFT,2025-09-13 05:00:00,2025-09-13 13:00:00,2025-09-14 16:00:00
VC01163,NSIGT,2025-03-24 06:00:00,2025-03-24 05:00:00,2025-03-26 06:00:00
VC01164,NSFT,2025-10-15 20:00:00,2025-10-16 01:00:00,2025-10-17 13:00:00
VC01165,NSFT,2025-05-16 22:00:00,2025-05-17 01:00:00,2025-05-18 03:00:00
VC01166,NSICT,2025-01-20 17:00:00,2025-01-20 22:00:00,2025-01-23 03:00:00
VC01167,NSICT,2025-08-02 09:00:00,2025-08-02 09:00:00,2025-08-03 17:00:00
VC01168,NSICT,2025-07-21 17:00:00,2025-07-21 14:00:00,2025-07-24 00:00:00
VC01169,NSFT,2025-11-02 02:00:00,2025-11-02 10:00:00,2025-11-04 17:00:00
VC01170,NSIGT,2025-07-04 02:00:00,2025-07-03 23:00:00,2025-07-06 03:00:00
VC01171,NSIGT,2025-09-24 23:00:00,2025-09-24 23:00:00,2025-09-27 10:00:00
VC01172,GTI,2025-03-21 20:00:00,2025-03-21 16:00:00,2025-03-22 22:00:00
VC01173,NSIGT,2025-02-23 16:00:00,2025-02-23 14:00:00,2025-02-25 02:00:00
VC01174,NSIGT,2025-08-03 09:00:00,2025-08-03 14:00:00,2025-08-04 16:00:00
VC01175,NSIGT,2025-06-09 02:00:00,2025-06-08 22:00:00,2025-06-11 00:00:00
VC01176,NSICT,2025-09-22 01:00:00,2025-09-22 00:00:00,2025-09-23 10:00:00
VC01177,GTI,2025-06-13 23:00:00,2025-06-13 23:00:00,2025-06-16 08:00:00
VC01178,GTI,2025-09-23 09:00:00,2025-09-23 09:00:00,2025-09-24 09:00:00
VC01179,GTI,2025-11-26 19:00:00,2025-11-27 04:00:00,2025-11-29 15:00:00
VC01180,GTI,2025-11-19 18:00:00,2025-11-19 16:00:00,2025-11-20 18:00:00
VC01181,GTI,2025-01-29 23:00:00,2025-01-29 22:00:00,2025-01-31 04:00:00
VC01182,NSICT,2025-11-20 06:00:00,2025-11-20 12:00:00,2025-11-22 22:00:00
VC01183,BMCT,2025-06-20 06:00:00,2025-06-20 08:00:00,2025-06-22 05:00:00
VC01184,NSFT,2025-05-05 16:00:00,2025-05-05 18:00:00,2025-05-07 07:00:00
VC01185,NSIGT,2025-11-01 18:00:00,2025-11-02 03:00:00,2025-11-03 13:00:00
VC01186,NSIGT,2025-02-26 08:00:00,2025-02-26 06:00:00,2025-02-27 11:00:00
VC01187,GTI,2025-05-13 22:00:00,2025-05-13 18:00:00,2025-05-15 07:00:00
VC01188,GTI,2025-10-05 16:00:00,2025-10-06 00:00:00,2025-10-07 03:00:00
VC01189,NSICT,2025-03-29 05:00:00,2025-03-29 05:00:00,2025-03-30 18:00:00
VC01190,NSICT,2025-11-08 16:00:00,2025-11-08 16:00:00,2025-11-10 09:00:00
VC01191,BMCT,2025-07-05 07:00:00,2025-07-05 14:00:00,2025-07-06 19:00:00
VC01192,NSICT,2025-06-20 17:00:00,2025-06-20 21:00:00,2025-06-22 05:00:00
VC01193,NSFT,2025-04-17 16:00:00,2025-04-17 13:00:00,2025-04-18 07:00:00
VC01194,NSICT,2025-02-11 23:00:00,2025-02-12 07:00:00,2025-02-14 14:00:00
VC01195,GTI,2025-11-06 00:00:00,2025-11-06 08:00:00,2025-11-08 10:00:00
VC01196,NSICT,2025-01-02 07:00:00,2025-01-02 03:00:00,2025-01-04 14:00:00
VC01197,GTI,2025-01-29 06:00:00,2025-01-29 13:00:00,2025-01-31 12:00:00
VC01198,BMCT,2025-01-26 00:00:00,2025-01-25 22:00:00,2025-01-28 09:00:00
VC01199,BMCT,2025-03-10 21:00:00,2025-03-10 19:00:00,2025-03-13 00:00:00
